ID,시도,시군구,읍면동,행정기관코드,총인구수,어린이,노인,면적,밀도,밀도_클리핑
16,서울특별시;서울특별시,용산구;용산구,원효로제2동;효창동,1117057000,24022,2936,4274,795200.6805626658,0.030208726661303385,0.030208726661303385
17,서울특별시,용산구,용문동,1117059000,11141,1172,2381,268086.0142036949,0.04155755768570209,0.04155755768570209
20,서울특별시;서울특별시;서울특별시,용산구;용산구;용산구,이촌제2동;이태원제1동;이태원제2동,1117064000,22224,1963,5182,1176822.801018307,0.018884746268316294,0.018884746268316294
175,서울특별시,마포구,용강동,1144059000,21190,3960,3263,775980.6094142812,0.027307383384224573,0.027307383384224573
174,서울특별시,마포구,도화동,1144058500,20400,2613,4070,604680.463728433,0.03373682667737354,0.03373682667737354
222,서울특별시,강서구,방화제2동,1150064000,22848,2085,5685,6186341.116161029,0.0036932977944446853,0.0036932977944446853
224,서울특별시,강서구,방화제3동,1150064100,21616,2249,6092,2554629.195218326,0.00846150198254218,0.00846150198254218
267,서울특별시,동작구,노량진제2동,1159052000,8063,371,1834,648982.5499298068,0.01242406286713269,0.01242406286713269
264,서울특별시,동작구,노량진제1동,1159051000,32758,3222,6502,1627704.2042220058,0.02012527823853435,0.02012527823853435
315,서울특별시,서초구,양재2동,1165065200,20956,2252,3503,7433698.559777053,0.0028190543148185576,0.0028190543148185576
316,서울특별시,서초구,내곡동,1165066000,16758,2890,3698,13138298.212504996,0.0012755076592834362,0.0012755076592834362
335,서울특별시,강남구,개포4동,1168069000,23088,3569,3882,1583608.4142012834,0.014579361787266569,0.014579361787266569
340,서울특별시,송파구,거여1동,1171053100,11759,1185,2780,506281.74101803266,0.02322619807768491,0.02322619807768491
341,서울특별시,송파구,거여2동,1171053200,23286,3281,4928,505978.24433162366,0.04602174156867128,0.04602174156867128
342,서울특별시,송파구,마천1동,1171054000,15463,1673,4178,519561.3148874655,0.02976164613670133,0.02976164613670133
343,서울특별시,송파구,마천2동,1171055000,17220,1477,4789,958070.5946922989,0.017973623337777633,0.017973623337777633
546,대구광역시,동구,공산동,2714076000,20200,2312,5866,83360053.5279739,0.00024232230121135057,0.00024232230121135057
635,인천광역시,중구,용유동,2811063000,3493,113,1483,27462934.273805097,0.00012718961365070592,0.00012718961365070592
811,광주광역시;광주광역시;광주광역시;광주광역시,광산구;광산구;광산구;광산구,동곡동;평동;삼도동;본량동,2920068000,10559,737,4082,38815068.47368669,0.00027203352757597485,0.00027203352757597485
811,광주광역시;광주광역시;광주광역시;광주광역시,광산구;광산구;광산구;광산구,동곡동;평동;삼도동;본량동,2920069000,10559,737,4082,33367308.858880308,0.00031644745594129175,0.00031644745594129175
850,대전광역시;대전광역시,서구;서구,기성동;둔산1동,3017060000,19699,4775,3508,49194421.24965126,0.00040043158349260273,0.00040043158349260273
913,울산광역시;울산광역시;울산광역시;울산광역시,울주군;울주군;울주군;울주군,서생면;웅촌면;두동면;두서면,3171031000,22920,1731,8474,38016407.207165614,0.0006028975824859081,0.0006028975824859081
913,울산광역시;울산광역시;울산광역시;울산광역시,울주군;울주군;울주군;울주군,서생면;웅촌면;두동면;두서면,3171036000,22920,1731,8474,62427328.65091105,0.0003671468969650604,0.0003671468969650604
913,울산광역시;울산광역시;울산광역시;울산광역시,울주군;울주군;울주군;울주군,서생면;웅촌면;두동면;두서면,3171037000,22920,1731,8474,78905354.75687715,0.00029047458275323655,0.00029047458275323655
1171,경기도,고양시 일산동구,백석1동,4128555100,28513,3836,4680,1744280.2888842693,0.016346570090658062,0.016346570090658062
1172,경기도,고양시 일산동구,백석2동,4128555200,20083,1634,3604,814589.0448938147,0.024654149384758677,0.024654149384758677
1276,경기도,용인시 처인구,양지면,4146136000,19743,2684,3985,57775543.35910325,0.0003417189844029264,0.0003417189844029264
1331,경기도;경기도;경기도;경기도,안성시;안성시;안성시;안성시,보개면;금광면;서운면;미양면,4155033000,20171,1518,7512,37246645.069018684,0.0005415521307388299,0.0005415521307388299
1334,경기도;경기도;경기도,안성시;안성시;안성시,죽산면;삼죽면;고삼면,4155042000,11977,817,4441,27758626.83940126,0.00043146946962807105,0.00043146946962807105
1357,경기도;경기도,화성시;화성시,양감면;정남면,4159040000,14387,968,4310,30525994.137948424,0.00047130324191849284,0.00047130324191849284
1376,경기도;경기도;경기도;경기도,광주시;광주시;광주시;광주시,도척면;퇴촌면;남종면;남한산성면,4161034000,28123,2985,8900,60268266.77018332,0.00046663030989823267,0.00046663030989823267
1376,경기도;경기도;경기도;경기도,광주시;광주시;광주시;광주시,도척면;퇴촌면;남종면;남한산성면,4161035000,28123,2985,8900,47993767.50307911,0.0005859719180869834,0.0005859719180869834
1392,경기도;경기도,양주시;양주시,양주1동;회천1동,4163053000,13168,1453,3632,10702081.536080582,0.0012304148455238278,0.0012304148455238278
1397,경기도;경기도;경기도,포천시;포천시;포천시,군내면;내촌면;가산면,4165032000,20829,1812,6107,53026939.71917306,0.0003928003409268745,0.0003928003409268745
1404,경기도;경기도;경기도;경기도;경기도;경기도,여주시;여주시;여주시;여주시;여주시;여주시,점동면;흥천면;금사면;세종대왕면;대신면;북내면,4167033000,29241,2163,12232,41486695.14888674,0.0007048283767858684,0.0007048283767858684
1405,경기도;경기도,여주시;여주시,강천면;산북면,4167038000,6740,528,2642,32724714.527362123,0.00020596054380747866,0.00020596054380747866
1404,경기도;경기도;경기도;경기도;경기도;경기도,여주시;여주시;여주시;여주시;여주시;여주시,점동면;흥천면;금사면;세종대왕면;대신면;북내면,4167036000,29241,2163,12232,65782398.52008884,0.00044451100382225027,0.00044451100382225027
1412,경기도;경기도;경기도,가평군;가평군;가평군,설악면;청평면;상면,4182033000,28329,2559,10116,100129414.50697233,0.000282923855487314,0.000282923855487314
1414,경기도;경기도,가평군;가평군,조종면;북면,4182034500,12657,1343,4258,113115837.42065082,0.00011189414575902078,0.00011189414575902078
1415,경기도;경기도;경기도,양평군;양평군;양평군,강상면;강하면;양서면,4183032000,28806,3375,9574,41730405.973552525,0.0006902880364561125,0.0006902880364561125
1415,경기도;경기도;경기도,양평군;양평군;양평군,강상면;강하면;양서면,4183033000,28806,3375,9574,60723952.18517272,0.00047437623809725793,0.00047437623809725793
1416,경기도;경기도;경기도;경기도;경기도,양평군;양평군;양평군;양평군;양평군,옥천면;서종면;단월면;청운면;양동면,4183035000,29960,2979,11296,93658955.62327687,0.0003198839854728649,0.0003198839854728649
1416,경기도;경기도;경기도;경기도;경기도,양평군;양평군;양평군;양평군;양평군,옥천면;서종면;단월면;청운면;양동면,4183036000,29960,2979,11296,107859424.14829698,0.0002777689593336573,0.0002777689593336573
1416,경기도;경기도;경기도;경기도;경기도,양평군;양평군;양평군;양평군;양평군,옥천면;서종면;단월면;청운면;양동면,4183037000,29960,2979,11296,97081974.08640797,0.0003086051790967297,0.0003086051790967297
1416,경기도;경기도;경기도;경기도;경기도,양평군;양평군;양평군;양평군;양평군,옥천면;서종면;단월면;청운면;양동면,4183038000,29960,2979,11296,120131894.07487684,0.00024939255499731213,0.00024939255499731213
1418,경기도;경기도,양평군;양평군,용문면;개군면,4183041000,23447,2877,7832,32238473.44190118,0.0007272987054506534,0.0007272987054506534
1961,강원특별자치도;강원특별자치도;강원특별자치도;강원특별자치도;강원특별자치도;강원특별자치도,춘천시;춘천시;춘천시;춘천시;춘천시;춘천시,동면;동산면;신동면;남면;서면;사북면,5111032000,29652,4473,8469,80670468.49503991,0.00036756945327301747,0.00036756945327301747
1962,강원특별자치도;강원특별자치도,춘천시;춘천시,북산면;동내면,5111039000,20967,3256,4222,36979917.42363237,0.0005669834185892703,0.0005669834185892703
1961,강원특별자치도;강원특별자치도;강원특별자치도;강원특별자치도;강원특별자치도;강원특별자치도,춘천시;춘천시;춘천시;춘천시;춘천시;춘천시,동면;동산면;신동면;남면;서면;사북면,5111034000,29652,4473,8469,71762104.29235636,0.0004131985856936241,0.0004131985856936241
1961,강원특별자치도;강원특별자치도;강원특별자치도;강원특별자치도;강원특별자치도;강원특별자치도,춘천시;춘천시;춘천시;춘천시;춘천시;춘천시,동면;동산면;신동면;남면;서면;사북면,5111036000,29652,4473,8469,153676788.62551746,0.0001929504140814431,0.0001929504140814431
1974,강원특별자치도;강원특별자치도;강원특별자치도;강원특별자치도;강원특별자치도,원주시;원주시;원주시;원주시;원주시,소초면;호저면;부론면;귀래면;흥업면,5113036000,25096,2002,8849,71541706.6529519,0.00035078838867711734,0.00035078838867711734
1987,강원특별자치도;강원특별자치도;강원특별자치도;강원특별자치도;강원특별자치도;강원특별자치도;강원특별자치도,강릉시;강릉시;강릉시;강릉시;강릉시;강릉시;강릉시,성산면;왕산면;구정면;강동면;옥계면;사천면;연곡면,5115031000,27669,2102,10840,81324590.2131524,0.00034022919669781716,0.00034022919669781716
1987,강원특별자치도;강원특별자치도;강원특별자치도;강원특별자치도;강원특별자치도;강원특별자치도;강원특별자치도,강릉시;강릉시;강릉시;강릉시;강릉시;강릉시;강릉시,성산면;왕산면;구정면;강동면;옥계면;사천면;연곡면,5115033000,27669,2102,10840,41928307.70791522,0.0006599121575034771,0.0006599121575034771
1987,강원특별자치도;강원특별자치도;강원특별자치도;강원특별자치도;강원특별자치도;강원특별자치도;강원특별자치도,강릉시;강릉시;강릉시;강릉시;강릉시;강릉시;강릉시,성산면;왕산면;구정면;강동면;옥계면;사천면;연곡면,5115034000,27669,2102,10840,113027409.23015635,0.00024479902873521546,0.00024479902873521546
1987,강원특별자치도;강원특별자치도;강원특별자치도;강원특별자치도;강원특별자치도;강원특별자치도;강원특별자치도,강릉시;강릉시;강릉시;강릉시;강릉시;강릉시;강릉시,성산면;왕산면;구정면;강동면;옥계면;사천면;연곡면,5115036000,27669,2102,10840,72296910.77089842,0.00038271344798784356,0.00038271344798784356
2001,강원특별자치도;강원특별자치도,태백시;태백시,문곡소도동;장성동,5119059500,6352,526,2523,12501979.656417795,0.0005080795341671549,0.0005080795341671549
2002,강원특별자치도;강원특별자치도,태백시;태백시,구문소동;철암동,5119061500,3837,272,1887,20041917.397339094,0.00019144874833729368,0.00019144874833729368
2008,강원특별자치도;강원특별자치도;강원특별자치도,삼척시;삼척시;삼척시,도계읍;원덕읍;원덕읍임원출장소,5123025000,13540,1307,5029,164915800.4308521,8.21025030022955e-05,8.21025030022955e-05
2009,강원특별자치도;강원특별자치도;강원특별자치도;강원특별자치도;강원특별자치도;강원특별자치도,삼척시;삼척시;삼척시;삼척시;삼척시;삼척시,근덕면;하장면;노곡면;미로면;가곡면;신기면,5123036000,9506,337,4661,57070333.94454298,0.00016656639873944448,0.00016656639873944448
2013,강원특별자치도;강원특별자치도;강원특별자치도;강원특별자치도;강원특별자치도;강원특별자치도;강원특별자치도;강원특별자치도,홍천군;홍천군;홍천군;홍천군;홍천군;홍천군;홍천군;홍천군,화촌면;두촌면;내촌면;서석면;영귀미면;남면;서면;북방면,5172031000,29964,1852,13722,210334227.29882327,0.00014245898247188242,0.00014245898247188242
2013,강원특별자치도;강원특별자치도;강원특별자치도;강원특별자치도;강원특별자치도;강원특별자치도;강원특별자치도;강원특별자치도,홍천군;홍천군;홍천군;홍천군;홍천군;홍천군;홍천군;홍천군,화촌면;두촌면;내촌면;서석면;영귀미면;남면;서면;북방면,5172032000,29964,1852,13722,139656880.73982057,0.0002145544125092028,0.0002145544125092028
2013,강원특별자치도;강원특별자치도;강원특별자치도;강원특별자치도;강원특별자치도;강원특별자치도;강원특별자치도;강원특별자치도,홍천군;홍천군;홍천군;홍천군;홍천군;홍천군;홍천군;홍천군,화촌면;두촌면;내촌면;서석면;영귀미면;남면;서면;북방면,5172033000,29964,1852,13722,147299589.81145352,0.0002034221550674685,0.0002034221550674685
2013,강원특별자치도;강원특별자치도;강원특별자치도;강원특별자치도;강원특별자치도;강원특별자치도;강원특별자치도;강원특별자치도,홍천군;홍천군;홍천군;홍천군;홍천군;홍천군;홍천군;홍천군,화촌면;두촌면;내촌면;서석면;영귀미면;남면;서면;북방면,5172034000,29964,1852,13722,224250071.4047278,0.00013361868655069814,0.00013361868655069814
2013,강원특별자치도;강원특별자치도;강원특별자치도;강원특별자치도;강원특별자치도;강원특별자치도;강원특별자치도;강원특별자치도,홍천군;홍천군;홍천군;홍천군;홍천군;홍천군;홍천군;홍천군,화촌면;두촌면;내촌면;서석면;영귀미면;남면;서면;북방면,5172036000,29964,1852,13722,117711197.75343446,0.000254555221354255,0.000254555221354255
2013,강원특별자치도;강원특별자치도;강원특별자치도;강원특별자치도;강원특별자치도;강원특별자치도;강원특별자치도;강원특별자치도,홍천군;홍천군;홍천군;홍천군;홍천군;홍천군;홍천군;홍천군,화촌면;두촌면;내촌면;서석면;영귀미면;남면;서면;북방면,5172037000,29964,1852,13722,125798417.31491493,0.00023819059603103136,0.00023819059603103136
2014,강원특별자치도,홍천군,내면,5172039000,2905,196,1254,447979313.5327611,6.484674430815107e-06,6.484674430815107e-06
2016,강원특별자치도;강원특별자치도;강원특별자치도;강원특별자치도;강원특별자치도;강원특별자치도;강원특별자치도;강원특별자치도,횡성군;횡성군;횡성군;횡성군;횡성군;횡성군;횡성군;횡성군,우천면;안흥면;둔내면;갑천면;청일면;공근면;서원면;강림면,5173035000,25389,1883,11630,135534348.73001796,0.00018732520750569615,0.00018732520750569615
2016,강원특별자치도;강원특별자치도;강원특별자치도;강원특별자치도;강원특별자치도;강원특별자치도;강원특별자치도;강원특별자치도,횡성군;횡성군;횡성군;횡성군;횡성군;횡성군;횡성군;횡성군,우천면;안흥면;둔내면;갑천면;청일면;공근면;서원면;강림면,5173037000,25389,1883,11630,124062142.02176392,0.00020464744188880817,0.00020464744188880817
2017,강원특별자치도;강원특별자치도,영월군;영월군,영월읍;상동읍,5175025300,20707,2836,5926,139294480.48418182,0.00014865628507334483,0.00014865628507334483
2018,강원특별자치도;강원특별자치도;강원특별자치도;강원특별자치도;강원특별자치도;강원특별자치도;강원특별자치도;강원특별자치도,영월군;영월군;영월군;영월군;영월군;영월군;영월군;영월군,산솔면;김삿갓면;북면;남면;한반도면;한반도면쌍용출장소;주천면;무릉도원면,5175031200,15800,909,7411,125009967.07576688,0.00012638992209656235,0.00012638992209656235
2018,강원특별자치도;강원특별자치도;강원특별자치도;강원특별자치도;강원특별자치도;강원특별자치도;강원특별자치도;강원특별자치도,영월군;영월군;영월군;영월군;영월군;영월군;영월군;영월군,산솔면;김삿갓면;북면;남면;한반도면;한반도면쌍용출장소;주천면;무릉도원면,5175033000,15800,909,7411,112197891.35901922,0.00014082261091201772,0.00014082261091201772
2018,강원특별자치도;강원특별자치도;강원특별자치도;강원특별자치도;강원특별자치도;강원특별자치도;강원특별자치도;강원특별자치도,영월군;영월군;영월군;영월군;영월군;영월군;영월군;영월군,산솔면;김삿갓면;북면;남면;한반도면;한반도면쌍용출장소;주천면;무릉도원면,5175032500,15800,909,7411,171120724.20574152,9.233247506014161e-05,9.233247506014161e-05
2020,강원특별자치도;강원특별자치도;강원특별자치도;강원특별자치도;강원특별자치도;강원특별자치도;강원특별자치도,평창군;평창군;평창군;평창군;평창군;평창군;평창군,미탄면;방림면;방림면계촌출장소;대화면;봉평면;용평면;진부면,5176034000,26001,2349,9878,217576574.9722312,0.00011950275439034945,0.00011950275439034945
2020,강원특별자치도;강원특별자치도;강원특별자치도;강원특별자치도;강원특별자치도;강원특별자치도;강원특별자치도,평창군;평창군;평창군;평창군;평창군;평창군;평창군,미탄면;방림면;방림면계촌출장소;대화면;봉평면;용평면;진부면,5176035000,26001,2349,9878,135663431.93596545,0.00019165813240131462,0.00019165813240131462
2022,강원특별자치도;강원특별자치도;강원특별자치도;강원특별자치도;강원특별자치도,정선군;정선군;정선군;정선군;정선군,정선읍;고한읍;사북읍;신동읍;신동읍함백출장소,5177025300,21298,2505,6643,52270973.68897253,0.0004074536687747445,0.0004074536687747445
2022,강원특별자치도;강원특별자치도;강원특별자치도;강원특별자치도;강원특별자치도,정선군;정선군;정선군;정선군;정선군,정선읍;고한읍;사북읍;신동읍;신동읍함백출장소,5177025600,21298,2505,6643,47290410.383787364,0.0004503661488059664,0.0004503661488059664
2032,강원특별자치도;강원특별자치도;강원특별자치도;강원특별자치도;강원특별자치도,인제군;인제군;인제군;인제군;인제군,남면;북면;기린면;서화면;상남면,5181033000,20746,2403,5807,274207824.4703594,7.56579431680023e-05,7.56579431680023e-05
2032,강원특별자치도;강원특별자치도;강원특별자치도;강원특별자치도;강원특별자치도,인제군;인제군;인제군;인제군;인제군,남면;북면;기린면;서화면;상남면,5181035000,20746,2403,5807,197635939.10046113,0.00010497078666170386,0.00010497078666170386
2036,강원특별자치도;강원특별자치도;강원특별자치도;강원특별자치도;강원특별자치도,양양군;양양군;양양군;양양군;양양군,서면;손양면;현북면;현남면;강현면,5183033000,15020,968,6384,165849720.0029614,9.056391533088995e-05,9.056391533088995e-05
1452,충청북도;충청북도;충청북도;충청북도,충주시;충주시;충주시;충주시,동량면;산척면;엄정면;소태면,4313040000,10328,548,5122,109466370.6193006,9.434861082513148e-05,9.434861082513148e-05
1452,충청북도;충청북도;충청북도;충청북도,충주시;충주시;충주시;충주시,동량면;산척면;엄정면;소태면,4313041000,10328,548,5122,78017588.16230416,0.0001323804060504166,0.0001323804060504166
1452,충청북도;충청북도;충청북도;충청북도,충주시;충주시;충주시;충주시,동량면;산척면;엄정면;소태면,4313042000,10328,548,5122,56756314.61864116,0.00018197094137271293,0.00018197094137271293
1452,충청북도;충청북도;충청북도;충청북도,충주시;충주시;충주시;충주시,동량면;산척면;엄정면;소태면,4313043000,10328,548,5122,61853427.31744355,0.00016697538758838278,0.00016697538758838278
1461,충청북도;충청북도;충청북도;충청북도;충청북도;충청북도;충청북도,제천시;제천시;제천시;제천시;제천시;제천시;제천시,금성면;청풍면;수산면;덕산면;한수면;백운면;송학면,4315034000,15638,916,7491,110290984.60253145,0.0001417885610175346,0.0001417885610175346
1461,충청북도;충청북도;충청북도;충청북도;충청북도;충청북도;충청북도,제천시;제천시;제천시;제천시;제천시;제천시;제천시,금성면;청풍면;수산면;덕산면;한수면;백운면;송학면,4315035000,15638,916,7491,75705081.49170303,0.0002065647337254879,0.0002065647337254879
1468,충청북도;충청북도;충청북도;충청북도;충청북도;충청북도;충청북도;충청북도;충청북도,보은군;보은군;보은군;보은군;보은군;보은군;보은군;보은군;보은군,속리산면;장안면;마로면;탄부면;삼승면;수한면;회남면;회인면;내북면,4372033000,14606,809,7385,69054628.28875493,0.00021151370099226915,0.00021151370099226915
1468,충청북도;충청북도;충청북도;충청북도;충청북도;충청북도;충청북도;충청북도;충청북도,보은군;보은군;보은군;보은군;보은군;보은군;보은군;보은군;보은군,속리산면;장안면;마로면;탄부면;삼승면;수한면;회남면;회인면;내북면,4372035000,14606,809,7385,28349336.15143001,0.000515214886231586,0.000515214886231586
1468,충청북도;충청북도;충청북도;충청북도;충청북도;충청북도;충청북도;충청북도;충청북도,보은군;보은군;보은군;보은군;보은군;보은군;보은군;보은군;보은군,속리산면;장안면;마로면;탄부면;삼승면;수한면;회남면;회인면;내북면,4372037000,14606,809,7385,46793797.964068234,0.0003121353819413328,0.0003121353819413328
1471,충청북도;충청북도;충청북도;충청북도;충청북도;충청북도;충청북도;충청북도,옥천군;옥천군;옥천군;옥천군;옥천군;옥천군;옥천군;옥천군,동이면;안남면;안내면;청성면;청산면;이원면;군서면;군북면,4373032000,19973,937,10167,31902177.340280224,0.0006260701201350842,0.0006260701201350842
1471,충청북도;충청북도;충청북도;충청북도;충청북도;충청북도;충청북도;충청북도,옥천군;옥천군;옥천군;옥천군;옥천군;옥천군;옥천군;옥천군,동이면;안남면;안내면;청성면;청산면;이원면;군서면;군북면,4373033000,19973,937,10167,65798371.535452336,0.00030354854586695196,0.00030354854586695196
1471,충청북도;충청북도;충청북도;충청북도;충청북도;충청북도;충청북도;충청북도,옥천군;옥천군;옥천군;옥천군;옥천군;옥천군;옥천군;옥천군,동이면;안남면;안내면;청성면;청산면;이원면;군서면;군북면,4373034000,19973,937,10167,84033106.70700395,0.00023768013325556724,0.00023768013325556724
1471,충청북도;충청북도;충청북도;충청북도;충청북도;충청북도;충청북도;충청북도,옥천군;옥천군;옥천군;옥천군;옥천군;옥천군;옥천군;옥천군,동이면;안남면;안내면;청성면;청산면;이원면;군서면;군북면,4373035000,19973,937,10167,72755600.85442941,0.0002745218205257119,0.0002745218205257119
1471,충청북도;충청북도;충청북도;충청북도;충청북도;충청북도;충청북도;충청북도,옥천군;옥천군;옥천군;옥천군;옥천군;옥천군;옥천군;옥천군,동이면;안남면;안내면;청성면;청산면;이원면;군서면;군북면,4373036000,19973,937,10167,66848128.942579344,0.00029878173579332706,0.00029878173579332706
1473,충청북도;충청북도;충청북도;충청북도;충청북도;충청북도;충청북도;충청북도;충청북도,영동군;영동군;영동군;영동군;영동군;영동군;영동군;영동군;영동군,용산면;황간면;추풍령면;매곡면;상촌면;양강면;용화면;학산면;양산면,4374031000,21260,1275,10156,67791281.97903249,0.00031360964683593997,0.00031360964683593997
1473,충청북도;충청북도;충청북도;충청북도;충청북도;충청북도;충청북도;충청북도;충청북도,영동군;영동군;영동군;영동군;영동군;영동군;영동군;영동군;영동군,용산면;황간면;추풍령면;매곡면;상촌면;양강면;용화면;학산면;양산면,4374037000,21260,1275,10156,60439030.58013463,0.00035175944742879165,0.00035175944742879165
1473,충청북도;충청북도;충청북도;충청북도;충청북도;충청북도;충청북도;충청북도;충청북도,영동군;영동군;영동군;영동군;영동군;영동군;영동군;영동군;영동군,용산면;황간면;추풍령면;매곡면;상촌면;양강면;용화면;학산면;양산면,4374038000,21260,1275,10156,73313468.04152192,0.00028998764576188316,0.00028998764576188316
1473,충청북도;충청북도;충청북도;충청북도;충청북도;충청북도;충청북도;충청북도;충청북도,영동군;영동군;영동군;영동군;영동군;영동군;영동군;영동군;영동군,용산면;황간면;추풍령면;매곡면;상촌면;양강면;용화면;학산면;양산면,4374039000,21260,1275,10156,58991233.19510622,0.0003603925337462462,0.0003603925337462462
1475,충청북도,영동군,심천면,4374040000,2912,115,1525,78092498.32126321,3.7289113072300236e-05,3.7289113072300236e-05
1489,충청북도;충청북도;충청북도;충청북도;충청북도;충청북도,단양군;단양군;단양군;단양군;단양군;단양군,대강면;가곡면;영춘면;어상천면;적성면;단성면,4380033000,12240,608,6023,180867954.30556795,6.767367965759756e-05,6.767367965759756e-05
1489,충청북도;충청북도;충청북도;충청북도;충청북도;충청북도,단양군;단양군;단양군;단양군;단양군;단양군,대강면;가곡면;영춘면;어상천면;적성면;단성면,4380034000,12240,608,6023,73955023.82537971,0.0001655059976574506,0.0001655059976574506
1490,충청남도,천안시 동남구,목천읍,4413125000,22338,2955,4847,63174272.569894955,0.00035359330770743123,0.00035359330770743123
1491,충청남도;충청남도;충청남도;충청남도;충청남도;충청남도,천안시 동남구;천안시 동남구;천안시 동남구;천안시 동남구;천안시 동남구;천안시 동남구,풍세면;광덕면;북면;성남면;수신면;병천면,4413134000,29331,2422,9436,33214869.122246843,0.0008830683598977217,0.0008830683598977217
1491,충청남도;충청남도;충청남도;충청남도;충청남도;충청남도,천안시 동남구;천안시 동남구;천안시 동남구;천안시 동남구;천안시 동남구;천안시 동남구,풍세면;광덕면;북면;성남면;수신면;병천면,4413135000,29331,2422,9436,26454175.275195017,0.0011087474735038314,0.0011087474735038314
1491,충청남도;충청남도;충청남도;충청남도;충청남도;충청남도,천안시 동남구;천안시 동남구;천안시 동남구;천안시 동남구;천안시 동남구;천안시 동남구,풍세면;광덕면;북면;성남면;수신면;병천면,4413136000,29331,2422,9436,55204058.05585829,0.00053131963542103,0.00053131963542103
1492,충청남도,천안시 동남구,동면,4413137000,1927,51,963,42948644.245056935,4.486753968308984e-05,4.486753968308984e-05
1529,충청남도;충청남도,아산시;아산시,둔포면;영인면,4420037000,28824,4537,5869,55431143.91514734,0.000519996485082882,0.000519996485082882
1531,충청남도;충청남도,아산시;아산시,도고면;신창면,4420041000,26708,3572,6345,39080235.084083065,0.0006834145174033987,0.0006834145174033987
1540,충청남도;충청남도,서산시;서산시,운산면;해미면,4421038000,11880,844,5175,81485905.17924435,0.00014579208482580627,0.00014579208482580627
1540,충청남도;충청남도,서산시;서산시,운산면;해미면,4421039000,11880,844,5175,66080239.70914056,0.00017978143015659638,0.00017978143015659638
1541,충청남도,서산시,고북면,4421040000,5638,546,2178,64741009.094627745,8.708545138305306e-05,8.708545138305306e-05
1546,충청남도;충청남도,논산시;논산시,강경읍;연무읍,4423025000,19599,2242,7180,6889814.130078979,0.002844634068491966,0.002844634068491966
1547,충청남도;충청남도;충청남도;충청남도;충청남도;충청남도;충청남도,논산시;논산시;논산시;논산시;논산시;논산시;논산시,성동면;광석면;노성면;상월면;부적면;연산면;벌곡면,4423034000,24678,1518,11623,44387469.15038816,0.0005559677195469072,0.0005559677195469072
1547,충청남도;충청남도;충청남도;충청남도;충청남도;충청남도;충청남도,논산시;논산시;논산시;논산시;논산시;논산시;논산시,성동면;광석면;노성면;상월면;부적면;연산면;벌곡면,4423036000,24678,1518,11623,54644347.27735943,0.0004516112137773624,0.0004516112137773624
1547,충청남도;충청남도;충청남도;충청남도;충청남도;충청남도;충청남도,논산시;논산시;논산시;논산시;논산시;논산시;논산시,성동면;광석면;노성면;상월면;부적면;연산면;벌곡면,4423038000,24678,1518,11623,69067534.47106966,0.00035730246039601834,0.00035730246039601834
1548,충청남도,논산시,양촌면,4423039000,5786,633,2249,77155376.76130886,7.49915332265153e-05,7.49915332265153e-05
1550,충청남도;충청남도;충청남도,논산시;논산시;논산시,가야곡면;은진면;채운면,4423040000,8901,538,4150,46225365.767413475,0.0001925566158802523,0.0001925566158802523
1557,충청남도;충청남도;충청남도;충청남도;충청남도;충청남도,당진시;당진시;당진시;당진시;당진시;당진시,고대면;석문면;대호지면;정미면;면천면;순성면,4427034000,27560,1622,11657,49318884.44277299,0.0005588123152294565,0.0005588123152294565
1564,충청남도;충청남도;충청남도;충청남도;충청남도;충청남도;충청남도;충청남도;충청남도,금산군;금산군;금산군;금산군;금산군;금산군;금산군;금산군;금산군,금성면;제원면;부리면;군북면;남일면;남이면;진산면;복수면;추부면,4471036000,26987,2224,12122,96925523.91005893,0.00027843027214423225,0.00027843027214423225
1564,충청남도;충청남도;충청남도;충청남도;충청남도;충청남도;충청남도;충청남도;충청남도,금산군;금산군;금산군;금산군;금산군;금산군;금산군;금산군;금산군,금성면;제원면;부리면;군북면;남일면;남이면;진산면;복수면;추부면,4471037000,26987,2224,12122,80918952.1898666,0.00033350654290083053,0.00033350654290083053
1564,충청남도;충청남도;충청남도;충청남도;충청남도;충청남도;충청남도;충청남도;충청남도,금산군;금산군;금산군;금산군;금산군;금산군;금산군;금산군;금산군,금성면;제원면;부리면;군북면;남일면;남이면;진산면;복수면;추부면,4471038000,26987,2224,12122,56889753.14922459,0.00047437365265431524,0.00047437365265431524
1564,충청남도;충청남도;충청남도;충청남도;충청남도;충청남도;충청남도;충청남도;충청남도,금산군;금산군;금산군;금산군;금산군;금산군;금산군;금산군;금산군,금성면;제원면;부리면;군북면;남일면;남이면;진산면;복수면;추부면,4471039000,26987,2224,12122,49181109.62938642,0.0005487269442142656,0.0005487269442142656
1566,충청남도;충청남도;충청남도;충청남도;충청남도;충청남도;충청남도;충청남도;충청남도,부여군;부여군;부여군;부여군;부여군;부여군;부여군;부여군;부여군,규암면;은산면;외산면;내산면;구룡면;홍산면;옥산면;남면;충화면,4476032000,27364,2707,11623,70293175.11409597,0.0003892838807691398,0.0003892838807691398
1566,충청남도;충청남도;충청남도;충청남도;충청남도;충청남도;충청남도;충청남도;충청남도,부여군;부여군;부여군;부여군;부여군;부여군;부여군;부여군;부여군,규암면;은산면;외산면;내산면;구룡면;홍산면;옥산면;남면;충화면,4476033000,27364,2707,11623,55989179.5168013,0.0004887372923868009,0.0004887372923868009
1566,충청남도;충청남도;충청남도;충청남도;충청남도;충청남도;충청남도;충청남도;충청남도,부여군;부여군;부여군;부여군;부여군;부여군;부여군;부여군;부여군,규암면;은산면;외산면;내산면;구룡면;홍산면;옥산면;남면;충화면,4476034000,27364,2707,11623,40933198.39213377,0.0006685038324603192,0.0006685038324603192
1566,충청남도;충청남도;충청남도;충청남도;충청남도;충청남도;충청남도;충청남도;충청남도,부여군;부여군;부여군;부여군;부여군;부여군;부여군;부여군;부여군,규암면;은산면;외산면;내산면;구룡면;홍산면;옥산면;남면;충화면,4476035000,27364,2707,11623,22059988.686015457,0.0012404358129769544,0.0012404358129769544
1566,충청남도;충청남도;충청남도;충청남도;충청남도;충청남도;충청남도;충청남도;충청남도,부여군;부여군;부여군;부여군;부여군;부여군;부여군;부여군;부여군,규암면;은산면;외산면;내산면;구룡면;홍산면;옥산면;남면;충화면,4476036000,27364,2707,11623,24168418.24770276,0.0011322213857582917,0.0011322213857582917
1566,충청남도;충청남도;충청남도;충청남도;충청남도;충청남도;충청남도;충청남도;충청남도,부여군;부여군;부여군;부여군;부여군;부여군;부여군;부여군;부여군,규암면;은산면;외산면;내산면;구룡면;홍산면;옥산면;남면;충화면,4476038000,27364,2707,11623,20696422.19111295,0.0013221608907722276,0.0013221608907722276
1566,충청남도;충청남도;충청남도;충청남도;충청남도;충청남도;충청남도;충청남도;충청남도,부여군;부여군;부여군;부여군;부여군;부여군;부여군;부여군;부여군,규암면;은산면;외산면;내산면;구룡면;홍산면;옥산면;남면;충화면,4476039000,27364,2707,11623,37043132.2807394,0.0007387064299156994,0.0007387064299156994
1567,충청남도;충청남도;충청남도;충청남도;충청남도;충청남도,부여군;부여군;부여군;부여군;부여군;부여군,양화면;임천면;장암면;세도면;석성면;초촌면,4476040000,13997,895,7269,32609342.831460793,0.00042923281442200655,0.00042923281442200655
1567,충청남도;충청남도;충청남도;충청남도;충청남도;충청남도,부여군;부여군;부여군;부여군;부여군;부여군,양화면;임천면;장암면;세도면;석성면;초촌면,4476041000,13997,895,7269,41773310.39900266,0.00033507040419602894,0.00033507040419602894
1567,충청남도;충청남도;충청남도;충청남도;충청남도;충청남도,부여군;부여군;부여군;부여군;부여군;부여군,양화면;임천면;장암면;세도면;석성면;초촌면,4476043000,13997,895,7269,42448858.06783563,0.00032973796321286237,0.00032973796321286237
1573,충청남도;충청남도;충청남도;충청남도;충청남도;충청남도;충청남도;충청남도;충청남도,청양군;청양군;청양군;청양군;청양군;청양군;청양군;청양군;청양군,운곡면;대치면;정산면;목면;청남면;장평면;남양면;화성면;비봉면,4479037000,19444,1282,9350,57691684.47513015,0.000337032974108807,0.000337032974108807
1573,충청남도;충청남도;충청남도;충청남도;충청남도;충청남도;충청남도;충청남도;충청남도,청양군;청양군;청양군;청양군;청양군;청양군;청양군;청양군;청양군,운곡면;대치면;정산면;목면;청남면;장평면;남양면;화성면;비봉면,4479038000,19444,1282,9350,42408544.27295401,0.00045849251214219076,0.00045849251214219076
1575,충청남도,홍성군,광천읍,4480025300,7375,606,3572,35148171.413379475,0.00020982599388350083,0.00020982599388350083
1576,충청남도;충청남도;충청남도;충청남도;충청남도;충청남도;충청남도;충청남도,홍성군;홍성군;홍성군;홍성군;홍성군;홍성군;홍성군;홍성군,금마면;홍동면;장곡면;은하면;결성면;서부면;갈산면;구항면,4480033000,22601,1254,11644,37842001.01426357,0.00059724642974036,0.00059724642974036
1576,충청남도;충청남도;충청남도;충청남도;충청남도;충청남도;충청남도;충청남도,홍성군;홍성군;홍성군;홍성군;홍성군;홍성군;홍성군;홍성군,금마면;홍동면;장곡면;은하면;결성면;서부면;갈산면;구항면,4480034000,22601,1254,11644,54564487.35667688,0.0004142071353527413,0.0004142071353527413
1576,충청남도;충청남도;충청남도;충청남도;충청남도;충청남도;충청남도;충청남도,홍성군;홍성군;홍성군;홍성군;홍성군;홍성군;홍성군;홍성군,금마면;홍동면;장곡면;은하면;결성면;서부면;갈산면;구항면,4480035000,22601,1254,11644,31392688.57204925,0.0007199447077662215,0.0007199447077662215
1576,충청남도;충청남도;충청남도;충청남도;충청남도;충청남도;충청남도;충청남도,홍성군;홍성군;홍성군;홍성군;홍성군;홍성군;홍성군;홍성군,금마면;홍동면;장곡면;은하면;결성면;서부면;갈산면;구항면,4480036000,22601,1254,11644,29775802.47278464,0.0007590391567333081,0.0007590391567333081
1576,충청남도;충청남도;충청남도;충청남도;충청남도;충청남도;충청남도;충청남도,홍성군;홍성군;홍성군;홍성군;홍성군;홍성군;홍성군;홍성군,금마면;홍동면;장곡면;은하면;결성면;서부면;갈산면;구항면,4480038000,22601,1254,11644,56597792.20905402,0.00039932653055651325,0.00039932653055651325
1579,충청남도;충청남도;충청남도;충청남도;충청남도;충청남도;충청남도;충청남도;충청남도,예산군;예산군;예산군;예산군;예산군;예산군;예산군;예산군;예산군,대술면;신양면;광시면;대흥면;응봉면;덕산면;봉산면;고덕면;신암면,4481037000,27540,1522,13502,35596146.53176032,0.0007736792513601914,0.0007736792513601914
1597,전라남도;전라남도;전라남도;전라남도;전라남도,여수시;여수시;여수시;여수시;여수시,화양면;남면;화정면;화정면개도출장소;삼산면,4613034000,12621,634,6114,45735961.92809064,0.0002759535268951737,0.0002759535268951737
1597,전라남도;전라남도;전라남도;전라남도;전라남도,여수시;여수시;여수시;여수시;여수시,화양면;남면;화정면;화정면개도출장소;삼산면,4613036000,12621,634,6114,30156717.42355558,0.00041851372026789846,0.00041851372026789846
1610,전라남도;전라남도;전라남도;전라남도;전라남도;전라남도;전라남도,순천시;순천시;순천시;순천시;순천시;순천시;순천시,서면;황전면;월등면;주암면;송광면;외서면;낙안면,4615037000,27206,2925,10047,35146671.12655369,0.0007740704632321657,0.0007740704632321657
1610,전라남도;전라남도;전라남도;전라남도;전라남도;전라남도;전라남도,순천시;순천시;순천시;순천시;순천시;순천시;순천시,서면;황전면;월등면;주암면;송광면;외서면;낙안면,4615033000,27206,2925,10047,99110025.37230656,0.0002745030071155842,0.0002745030071155842
1621,전라남도;전라남도;전라남도;전라남도;전라남도;전라남도;전라남도;전라남도;전라남도,나주시;나주시;나주시;나주시;나주시;나주시;나주시;나주시;나주시,세지면;왕곡면;반남면;공산면;동강면;다시면;문평면;노안면;금천면,4617031000,26484,1771,11702,30100081.815879982,0.0008798647180429843,0.0008798647180429843
1621,전라남도;전라남도;전라남도;전라남도;전라남도;전라남도;전라남도;전라남도;전라남도,나주시;나주시;나주시;나주시;나주시;나주시;나주시;나주시;나주시,세지면;왕곡면;반남면;공산면;동강면;다시면;문평면;노안면;금천면,4617032000,26484,1771,11702,30167670.162576202,0.0008778934487574088,0.0008778934487574088
1621,전라남도;전라남도;전라남도;전라남도;전라남도;전라남도;전라남도;전라남도;전라남도,나주시;나주시;나주시;나주시;나주시;나주시;나주시;나주시;나주시,세지면;왕곡면;반남면;공산면;동강면;다시면;문평면;노안면;금천면,4617033000,26484,1771,11702,20572205.58189674,0.0012873680410478475,0.0012873680410478475
1621,전라남도;전라남도;전라남도;전라남도;전라남도;전라남도;전라남도;전라남도;전라남도,나주시;나주시;나주시;나주시;나주시;나주시;나주시;나주시;나주시,세지면;왕곡면;반남면;공산면;동강면;다시면;문평면;노안면;금천면,4617034000,26484,1771,11702,32613515.246804275,0.0008120559773940685,0.0008120559773940685
1621,전라남도;전라남도;전라남도;전라남도;전라남도;전라남도;전라남도;전라남도;전라남도,나주시;나주시;나주시;나주시;나주시;나주시;나주시;나주시;나주시,세지면;왕곡면;반남면;공산면;동강면;다시면;문평면;노안면;금천면,4617035000,26484,1771,11702,46708821.539411366,0.0005670021021115609,0.0005670021021115609
1621,전라남도;전라남도;전라남도;전라남도;전라남도;전라남도;전라남도;전라남도;전라남도,나주시;나주시;나주시;나주시;나주시;나주시;나주시;나주시;나주시,세지면;왕곡면;반남면;공산면;동강면;다시면;문평면;노안면;금천면,4617036000,26484,1771,11702,55589772.23636076,0.0004764185736792255,0.0004764185736792255
1621,전라남도;전라남도;전라남도;전라남도;전라남도;전라남도;전라남도;전라남도;전라남도,나주시;나주시;나주시;나주시;나주시;나주시;나주시;나주시;나주시,세지면;왕곡면;반남면;공산면;동강면;다시면;문평면;노안면;금천면,4617037000,26484,1771,11702,47916337.906172946,0.0005527133574326875,0.0005527133574326875
1623,전라남도;전라남도;전라남도;전라남도;전라남도,나주시;나주시;나주시;나주시;나주시,송월동;영강동;금남동;성북동;영산동,4617051000,27832,3942,6860,4762488.021056477,0.00584400420052415,0.00584400420052415
1623,전라남도;전라남도;전라남도;전라남도;전라남도,나주시;나주시;나주시;나주시;나주시,송월동;영강동;금남동;성북동;영산동,4617052000,27832,3942,6860,7043262.581860044,0.003951577791758247,0.003951577791758247
1623,전라남도;전라남도;전라남도;전라남도;전라남도,나주시;나주시;나주시;나주시;나주시,송월동;영강동;금남동;성북동;영산동,4617054000,27832,3942,6860,11782756.400088314,0.0023620958504914345,0.0023620958504914345
1623,전라남도;전라남도;전라남도;전라남도;전라남도,나주시;나주시;나주시;나주시;나주시,송월동;영강동;금남동;성북동;영산동,4617055000,27832,3942,6860,8228935.106082422,0.003382211627775259,0.003382211627775259
1623,전라남도;전라남도;전라남도;전라남도;전라남도,나주시;나주시;나주시;나주시;나주시,송월동;영강동;금남동;성북동;영산동,4617058000,27832,3942,6860,13291043.418021705,0.0020940417636633253,0.0020940417636633253
1626,전라남도,나주시,이창동,4617060000,3135,247,1134,15394379.40277659,0.0002036457539454016,0.0002036457539454016
1632,전라남도;전라남도;전라남도;전라남도;전라남도;전라남도;전라남도;전라남도;전라남도,담양군;담양군;담양군;담양군;담양군;담양군;담양군;담양군;담양군,봉산면;고서면;가사문학면;창평면;대덕면;무정면;금성면;용면;월산면,4671038000,20747,1394,8875,62163788.64324977,0.0003337473544134262,0.0003337473544134262
1638,전라남도;전라남도;전라남도;전라남도;전라남도;전라남도;전라남도,구례군;구례군;구례군;구례군;구례군;구례군;구례군,문척면;간전면;토지면;마산면;광의면;용방면;산동면,4673032000,13643,932,6347,74293303.63882841,0.00018363700807174317,0.00018363700807174317
1638,전라남도;전라남도;전라남도;전라남도;전라남도;전라남도;전라남도,구례군;구례군;구례군;구례군;구례군;구례군;구례군,문척면;간전면;토지면;마산면;광의면;용방면;산동면,4673033000,13643,932,6347,96314424.99890213,0.00014165064059880453,0.00014165064059880453
1638,전라남도;전라남도;전라남도;전라남도;전라남도;전라남도;전라남도,구례군;구례군;구례군;구례군;구례군;구례군;구례군,문척면;간전면;토지면;마산면;광의면;용방면;산동면,4673037000,13643,932,6347,100198428.36476319,0.00013615982029512388,0.00013615982029512388
1639,전라남도;전라남도;전라남도;전라남도,고흥군;고흥군;고흥군;고흥군,고흥읍;도양읍;도양읍소록출장소;도양읍시산출장소,4677025300,22407,3221,7146,36390809.297044136,0.0006157323904808026,0.0006157323904808026
1640,전라남도;전라남도;전라남도;전라남도;전라남도;전라남도;전라남도;전라남도;전라남도,고흥군;고흥군;고흥군;고흥군;고흥군;고흥군;고흥군;고흥군;고흥군,풍양면;도덕면;금산면;도화면;포두면;봉래면;점암면;과역면;남양면,4677032000,27256,1386,14788,43982871.672831565,0.0006196957807290278,0.0006196957807290278
1640,전라남도;전라남도;전라남도;전라남도;전라남도;전라남도;전라남도;전라남도;전라남도,고흥군;고흥군;고흥군;고흥군;고흥군;고흥군;고흥군;고흥군;고흥군,풍양면;도덕면;금산면;도화면;포두면;봉래면;점암면;과역면;남양면,4677033000,27256,1386,14788,68188885.83125716,0.0003997132328492468,0.0003997132328492468
1640,전라남도;전라남도;전라남도;전라남도;전라남도;전라남도;전라남도;전라남도;전라남도,고흥군;고흥군;고흥군;고흥군;고흥군;고흥군;고흥군;고흥군;고흥군,풍양면;도덕면;금산면;도화면;포두면;봉래면;점암면;과역면;남양면,4677034000,27256,1386,14788,69529154.23896553,0.0003920082201248062,0.0003920082201248062
1640,전라남도;전라남도;전라남도;전라남도;전라남도;전라남도;전라남도;전라남도;전라남도,고흥군;고흥군;고흥군;고흥군;고흥군;고흥군;고흥군;고흥군;고흥군,풍양면;도덕면;금산면;도화면;포두면;봉래면;점암면;과역면;남양면,4677038000,27256,1386,14788,43852990.02808872,0.000621531165435743,0.000621531165435743
1640,전라남도;전라남도;전라남도;전라남도;전라남도;전라남도;전라남도;전라남도;전라남도,고흥군;고흥군;고흥군;고흥군;고흥군;고흥군;고흥군;고흥군;고흥군,풍양면;도덕면;금산면;도화면;포두면;봉래면;점암면;과역면;남양면,4677039000,27256,1386,14788,40037022.05524102,0.0006807699124673553,0.0006807699124673553
1641,전라남도;전라남도;전라남도;전라남도;전라남도,고흥군;고흥군;고흥군;고흥군;고흥군,동강면;대서면;두원면;영남면;동일면,4677041000,10389,539,5677,34364989.37842721,0.00030231349370128853,0.00030231349370128853
1643,전라남도;전라남도;전라남도;전라남도;전라남도;전라남도;전라남도;전라남도;전라남도;전라남도,보성군;보성군;보성군;보성군;보성군;보성군;보성군;보성군;보성군;보성군,노동면;미력면;겸백면;율어면;복내면;문덕면;조성면;득량면;득량면예당출장소;회천면,4678033000,16775,1040,8470,47588873.8272279,0.00035249836045504843,0.00035249836045504843
1643,전라남도;전라남도;전라남도;전라남도;전라남도;전라남도;전라남도;전라남도;전라남도;전라남도,보성군;보성군;보성군;보성군;보성군;보성군;보성군;보성군;보성군;보성군,노동면;미력면;겸백면;율어면;복내면;문덕면;조성면;득량면;득량면예당출장소;회천면,4678034000,16775,1040,8470,49196996.82332003,0.0003409760977940106,0.0003409760977940106
1643,전라남도;전라남도;전라남도;전라남도;전라남도;전라남도;전라남도;전라남도;전라남도;전라남도,보성군;보성군;보성군;보성군;보성군;보성군;보성군;보성군;보성군;보성군,노동면;미력면;겸백면;율어면;복내면;문덕면;조성면;득량면;득량면예당출장소;회천면,4678035000,16775,1040,8470,67982765.03173546,0.00024675371753663086,0.00024675371753663086
1643,전라남도;전라남도;전라남도;전라남도;전라남도;전라남도;전라남도;전라남도;전라남도;전라남도,보성군;보성군;보성군;보성군;보성군;보성군;보성군;보성군;보성군;보성군,노동면;미력면;겸백면;율어면;복내면;문덕면;조성면;득량면;득량면예당출장소;회천면,4678036000,16775,1040,8470,60055160.51550882,0.0002793265367373046,0.0002793265367373046
1643,전라남도;전라남도;전라남도;전라남도;전라남도;전라남도;전라남도;전라남도;전라남도;전라남도,보성군;보성군;보성군;보성군;보성군;보성군;보성군;보성군;보성군;보성군,노동면;미력면;겸백면;율어면;복내면;문덕면;조성면;득량면;득량면예당출장소;회천면,4678037000,16775,1040,8470,43986007.530192755,0.0003813712801391522,0.0003813712801391522
1643,전라남도;전라남도;전라남도;전라남도;전라남도;전라남도;전라남도;전라남도;전라남도;전라남도,보성군;보성군;보성군;보성군;보성군;보성군;보성군;보성군;보성군;보성군,노동면;미력면;겸백면;율어면;복내면;문덕면;조성면;득량면;득량면예당출장소;회천면,4678038000,16775,1040,8470,74395809.79838103,0.00022548312929803003,0.00022548312929803003
1643,전라남도;전라남도;전라남도;전라남도;전라남도;전라남도;전라남도;전라남도;전라남도;전라남도,보성군;보성군;보성군;보성군;보성군;보성군;보성군;보성군;보성군;보성군,노동면;미력면;겸백면;율어면;복내면;문덕면;조성면;득량면;득량면예당출장소;회천면,4678039000,16775,1040,8470,54658913.101798445,0.00030690328526580325,0.00030690328526580325
1645,전라남도,보성군,웅치면,4678040000,1023,40,570,39385376.7613743,2.5974107247928324e-05,2.5974107247928324e-05
1646,전라남도;전라남도;전라남도;전라남도;전라남도;전라남도;전라남도;전라남도;전라남도;전라남도,화순군;화순군;화순군;화순군;화순군;화순군;화순군;화순군;화순군;화순군,한천면;한천면영외출장소;춘양면;청풍면;이양면;능주면;도곡면;도암면;이서면;백아면,4679031000,15025,834,7346,65233984.60899593,0.0002303247316572475,0.0002303247316572475
1646,전라남도;전라남도;전라남도;전라남도;전라남도;전라남도;전라남도;전라남도;전라남도;전라남도,화순군;화순군;화순군;화순군;화순군;화순군;화순군;화순군;화순군;화순군,한천면;한천면영외출장소;춘양면;청풍면;이양면;능주면;도곡면;도암면;이서면;백아면,4679032000,15025,834,7346,50647430.89151485,0.00029665868012502075,0.00029665868012502075
1646,전라남도;전라남도;전라남도;전라남도;전라남도;전라남도;전라남도;전라남도;전라남도;전라남도,화순군;화순군;화순군;화순군;화순군;화순군;화순군;화순군;화순군;화순군,한천면;한천면영외출장소;춘양면;청풍면;이양면;능주면;도곡면;도암면;이서면;백아면,4679033000,15025,834,7346,50274678.707971506,0.00029885820031342437,0.00029885820031342437
1646,전라남도;전라남도;전라남도;전라남도;전라남도;전라남도;전라남도;전라남도;전라남도;전라남도,화순군;화순군;화순군;화순군;화순군;화순군;화순군;화순군;화순군;화순군,한천면;한천면영외출장소;춘양면;청풍면;이양면;능주면;도곡면;도암면;이서면;백아면,4679034000,15025,834,7346,91324964.38502905,0.00016452237459030485,0.00016452237459030485
1646,전라남도;전라남도;전라남도;전라남도;전라남도;전라남도;전라남도;전라남도;전라남도;전라남도,화순군;화순군;화순군;화순군;화순군;화순군;화순군;화순군;화순군;화순군,한천면;한천면영외출장소;춘양면;청풍면;이양면;능주면;도곡면;도암면;이서면;백아면,4679035000,15025,834,7346,15921382.872822557,0.0009436994336495316,0.0009436994336495316
1646,전라남도;전라남도;전라남도;전라남도;전라남도;전라남도;전라남도;전라남도;전라남도;전라남도,화순군;화순군;화순군;화순군;화순군;화순군;화순군;화순군;화순군;화순군,한천면;한천면영외출장소;춘양면;청풍면;이양면;능주면;도곡면;도암면;이서면;백아면,4679036000,15025,834,7346,38568578.49028077,0.0003895658224423874,0.0003895658224423874
1646,전라남도;전라남도;전라남도;전라남도;전라남도;전라남도;전라남도;전라남도;전라남도;전라남도,화순군;화순군;화순군;화순군;화순군;화순군;화순군;화순군;화순군;화순군,한천면;한천면영외출장소;춘양면;청풍면;이양면;능주면;도곡면;도암면;이서면;백아면,4679037000,15025,834,7346,50969612.33902002,0.0002947834858947425,0.0002947834858947425
1648,전라남도;전라남도;전라남도,장흥군;장흥군;장흥군,장흥읍;관산읍;대덕읍,4680025300,21847,2916,7339,71493447.46728434,0.0003055804521106255,0.0003055804521106255
1648,전라남도;전라남도;전라남도,장흥군;장흥군;장흥군,장흥읍;관산읍;대덕읍,4680025600,21847,2916,7339,57911219.165035754,0.0003772498716999945,0.0003772498716999945
1649,전라남도;전라남도;전라남도;전라남도;전라남도;전라남도;전라남도,장흥군;장흥군;장흥군;장흥군;장흥군;장흥군;장흥군,용산면;안양면;장동면;장평면;유치면;부산면;회진면,4680033000,12472,717,6187,44591482.28441433,0.00027969467174136147,0.00027969467174136147
1649,전라남도;전라남도;전라남도;전라남도;전라남도;전라남도;전라남도,장흥군;장흥군;장흥군;장흥군;장흥군;장흥군;장흥군,용산면;안양면;장동면;장평면;유치면;부산면;회진면,4680034000,12472,717,6187,77581159.2533867,0.00016076068107290562,0.00016076068107290562
1649,전라남도;전라남도;전라남도;전라남도;전라남도;전라남도;전라남도,장흥군;장흥군;장흥군;장흥군;장흥군;장흥군;장흥군,용산면;안양면;장동면;장평면;유치면;부산면;회진면,4680035000,12472,717,6187,122094233.2241185,0.00010215060671298176,0.00010215060671298176
1649,전라남도;전라남도;전라남도;전라남도;전라남도;전라남도;전라남도,장흥군;장흥군;장흥군;장흥군;장흥군;장흥군;장흥군,용산면;안양면;장동면;장평면;유치면;부산면;회진면,4680037000,12472,717,6187,26608376.554193806,0.00046872457530800616,0.00046872457530800616
1651,전라남도;전라남도;전라남도;전라남도;전라남도;전라남도;전라남도;전라남도;전라남도,강진군;강진군;강진군;강진군;강진군;강진군;강진군;강진군;강진군,군동면;칠량면;대구면;도암면;신전면;성전면;작천면;병영면;옴천면,4681033000,17634,1398,8426,34749949.40840404,0.0005074539761987492,0.0005074539761987492
1652,전라남도,강진군,마량면,4681040000,1655,119,725,19856487.911191445,8.334807280129406e-05,8.334807280129406e-05
1651,전라남도;전라남도;전라남도;전라남도;전라남도;전라남도;전라남도;전라남도;전라남도,강진군;강진군;강진군;강진군;강진군;강진군;강진군;강진군;강진군,군동면;칠량면;대구면;도암면;신전면;성전면;작천면;병영면;옴천면,4681034000,17634,1398,8426,69446121.46768272,0.000253923467967986,0.000253923467967986
1651,전라남도;전라남도;전라남도;전라남도;전라남도;전라남도;전라남도;전라남도;전라남도,강진군;강진군;강진군;강진군;강진군;강진군;강진군;강진군;강진군,군동면;칠량면;대구면;도암면;신전면;성전면;작천면;병영면;옴천면,4681035000,17634,1398,8426,41207346.31299257,0.000427933404545394,0.000427933404545394
1651,전라남도;전라남도;전라남도;전라남도;전라남도;전라남도;전라남도;전라남도;전라남도,강진군;강진군;강진군;강진군;강진군;강진군;강진군;강진군;강진군,군동면;칠량면;대구면;도암면;신전면;성전면;작천면;병영면;옴천면,4681038000,17634,1398,8426,26695372.424109813,0.0006605639254567555,0.0006605639254567555
1651,전라남도;전라남도;전라남도;전라남도;전라남도;전라남도;전라남도;전라남도;전라남도,강진군;강진군;강진군;강진군;강진군;강진군;강진군;강진군;강진군,군동면;칠량면;대구면;도암면;신전면;성전면;작천면;병영면;옴천면,4681039000,17634,1398,8426,29537944.934322644,0.0005969948159632988,0.0005969948159632988
1654,전라남도;전라남도;전라남도;전라남도;전라남도;전라남도;전라남도;전라남도;전라남도,해남군;해남군;해남군;해남군;해남군;해남군;해남군;해남군;해남군,삼산면;화산면;현산면;송지면;북평면;북일면;옥천면;계곡면;마산면,4682032000,25062,1718,11998,58218919.191491745,0.0004304786201469474,0.0004304786201469474
1654,전라남도;전라남도;전라남도;전라남도;전라남도;전라남도;전라남도;전라남도;전라남도,해남군;해남군;해남군;해남군;해남군;해남군;해남군;해남군;해남군,삼산면;화산면;현산면;송지면;북평면;북일면;옥천면;계곡면;마산면,4682033000,25062,1718,11998,90317240.44855389,0.000277488548980587,0.000277488548980587
1654,전라남도;전라남도;전라남도;전라남도;전라남도;전라남도;전라남도;전라남도;전라남도,해남군;해남군;해남군;해남군;해남군;해남군;해남군;해남군;해남군,삼산면;화산면;현산면;송지면;북평면;북일면;옥천면;계곡면;마산면,4682034000,25062,1718,11998,82754333.54727945,0.00030284818843573315,0.00030284818843573315
1654,전라남도;전라남도;전라남도;전라남도;전라남도;전라남도;전라남도;전라남도;전라남도,해남군;해남군;해남군;해남군;해남군;해남군;해남군;해남군;해남군,삼산면;화산면;현산면;송지면;북평면;북일면;옥천면;계곡면;마산면,4682035000,25062,1718,11998,49983029.38867718,0.000501410184747173,0.000501410184747173
1654,전라남도;전라남도;전라남도;전라남도;전라남도;전라남도;전라남도;전라남도;전라남도,해남군;해남군;해남군;해남군;해남군;해남군;해남군;해남군;해남군,삼산면;화산면;현산면;송지면;북평면;북일면;옥천면;계곡면;마산면,4682036000,25062,1718,11998,40287124.15554821,0.0006220846120273031,0.0006220846120273031
1654,전라남도;전라남도;전라남도;전라남도;전라남도;전라남도;전라남도;전라남도;전라남도,해남군;해남군;해남군;해남군;해남군;해남군;해남군;해남군;해남군,삼산면;화산면;현산면;송지면;북평면;북일면;옥천면;계곡면;마산면,4682038000,25062,1718,11998,78214741.88835269,0.0003204255284224379,0.0003204255284224379
1655,전라남도;전라남도;전라남도;전라남도,해남군;해남군;해남군;해남군,황산면;산이면;문내면;화원면,4682040000,14323,1045,6667,96654057.72547673,0.00014818829480166406,0.00014818829480166406
1655,전라남도;전라남도;전라남도;전라남도,해남군;해남군;해남군;해남군,황산면;산이면;문내면;화원면,4682042000,14323,1045,6667,56265444.35587112,0.00025456121717281775,0.00025456121717281775
1657,전라남도;전라남도;전라남도;전라남도;전라남도;전라남도;전라남도;전라남도;전라남도,영암군;영암군;영암군;영암군;영암군;영암군;영암군;영암군;영암군,덕진면;금정면;신북면;시종면;도포면;군서면;서호면;학산면;미암면,4683034000,21946,1283,10413,61499973.98668688,0.00035684567939412023,0.00035684567939412023
1657,전라남도;전라남도;전라남도;전라남도;전라남도;전라남도;전라남도;전라남도;전라남도,영암군;영암군;영암군;영암군;영암군;영암군;영암군;영암군;영암군,덕진면;금정면;신북면;시종면;도포면;군서면;서호면;학산면;미암면,4683036000,21946,1283,10413,54734648.98029863,0.00040095260331164846,0.00040095260331164846
1657,전라남도;전라남도;전라남도;전라남도;전라남도;전라남도;전라남도;전라남도;전라남도,영암군;영암군;영암군;영암군;영암군;영암군;영암군;영암군;영암군,덕진면;금정면;신북면;시종면;도포면;군서면;서호면;학산면;미암면,4683037000,21946,1283,10413,44297869.04803683,0.0004954188648713926,0.0004954188648713926
1657,전라남도;전라남도;전라남도;전라남도;전라남도;전라남도;전라남도;전라남도;전라남도,영암군;영암군;영암군;영암군;영암군;영암군;영암군;영암군;영암군,덕진면;금정면;신북면;시종면;도포면;군서면;서호면;학산면;미암면,4683038000,21946,1283,10413,61207138.60278083,0.00035855294825043373,0.00035855294825043373
1657,전라남도;전라남도;전라남도;전라남도;전라남도;전라남도;전라남도;전라남도;전라남도,영암군;영암군;영암군;영암군;영암군;영암군;영암군;영암군;영암군,덕진면;금정면;신북면;시종면;도포면;군서면;서호면;학산면;미암면,4683039000,21946,1283,10413,41051836.74747704,0.0005345924016749081,0.0005345924016749081
1663,전라남도;전라남도;전라남도;전라남도;전라남도;전라남도;전라남도;전라남도,함평군;함평군;함평군;함평군;함평군;함평군;함평군;함평군,손불면;신광면;학교면;엄다면;대동면;나산면;해보면;월야면,4686036000,21713,1575,9874,55896075.65147405,0.00038845303086009045,0.00038845303086009045
1663,전라남도;전라남도;전라남도;전라남도;전라남도;전라남도;전라남도;전라남도,함평군;함평군;함평군;함평군;함평군;함평군;함평군;함평군,손불면;신광면;학교면;엄다면;대동면;나산면;해보면;월야면,4686038000,21713,1575,9874,34474496.73943158,0.0006298279033371614,0.0006298279033371614
1668,전라남도;전라남도;전라남도;전라남도;전라남도;전라남도;전라남도;전라남도;전라남도,장성군;장성군;장성군;장성군;장성군;장성군;장성군;장성군;장성군,진원면;남면;동화면;삼서면;삼계면;황룡면;서삼면;북일면;북이면,4688033000,26344,2594,9681,29192293.736899797,0.0009024299439238828,0.0009024299439238828
1668,전라남도;전라남도;전라남도;전라남도;전라남도;전라남도;전라남도;전라남도;전라남도,장성군;장성군;장성군;장성군;장성군;장성군;장성군;장성군;장성군,진원면;남면;동화면;삼서면;삼계면;황룡면;서삼면;북일면;북이면,4688034000,26344,2594,9681,47235865.77038849,0.0005577118058565296,0.0005577118058565296
1668,전라남도;전라남도;전라남도;전라남도;전라남도;전라남도;전라남도;전라남도;전라남도,장성군;장성군;장성군;장성군;장성군;장성군;장성군;장성군;장성군,진원면;남면;동화면;삼서면;삼계면;황룡면;서삼면;북일면;북이면,4688035000,26344,2594,9681,66007537.605767086,0.0003991059348000632,0.0003991059348000632
1668,전라남도;전라남도;전라남도;전라남도;전라남도;전라남도;전라남도;전라남도;전라남도,장성군;장성군;장성군;장성군;장성군;장성군;장성군;장성군;장성군,진원면;남면;동화면;삼서면;삼계면;황룡면;서삼면;북일면;북이면,4688038000,26344,2594,9681,30583173.292426687,0.0008613887037851486,0.0008613887037851486
1669,전라남도,장성군,북하면,4688040000,1962,116,904,85141777.47295578,2.3043916373759107e-05,2.3043916373759107e-05
1670,전라남도;전라남도;전라남도;전라남도,완도군;완도군;완도군;완도군,완도읍;금일읍;노화읍;노화읍넙도출장소,4689025000,24874,3639,7629,54733602.516777985,0.0004544557430213944,0.0004544557430213944
1670,전라남도;전라남도;전라남도;전라남도,완도군;완도군;완도군;완도군,완도읍;금일읍;노화읍;노화읍넙도출장소,4689025300,24874,3639,7629,42946493.380614355,0.0005791858203544947,0.0005791858203544947
1670,전라남도;전라남도;전라남도;전라남도,완도군;완도군;완도군;완도군,완도읍;금일읍;노화읍;노화읍넙도출장소,4689025600,24874,3639,7629,41210193.60909771,0.0006035885255950053,0.0006035885255950053
1671,전라남도;전라남도;전라남도;전라남도;전라남도;전라남도;전라남도;전라남도;전라남도;전라남도,완도군;완도군;완도군;완도군;완도군;완도군;완도군;완도군;완도군;완도군,군외면;신지면;고금면;약산면;청산면;청산면모도출장소;소안면;금당면;보길면;생일면,4689031000,20449,1690,9511,45063848.08259181,0.00045377838045525145,0.00045377838045525145
1671,전라남도;전라남도;전라남도;전라남도;전라남도;전라남도;전라남도;전라남도;전라남도;전라남도,완도군;완도군;완도군;완도군;완도군;완도군;완도군;완도군;완도군;완도군,군외면;신지면;고금면;약산면;청산면;청산면모도출장소;소안면;금당면;보길면;생일면,4689033000,20449,1690,9511,47979783.684630536,0.00042620033750903445,0.00042620033750903445
1671,전라남도;전라남도;전라남도;전라남도;전라남도;전라남도;전라남도;전라남도;전라남도;전라남도,완도군;완도군;완도군;완도군;완도군;완도군;완도군;완도군;완도군;완도군,군외면;신지면;고금면;약산면;청산면;청산면모도출장소;소안면;금당면;보길면;생일면,4689034000,20449,1690,9511,29547759.13551974,0.0006920660178056614,0.0006920660178056614
1671,전라남도;전라남도;전라남도;전라남도;전라남도;전라남도;전라남도;전라남도;전라남도;전라남도,완도군;완도군;완도군;완도군;완도군;완도군;완도군;완도군;완도군;완도군,군외면;신지면;고금면;약산면;청산면;청산면모도출장소;소안면;금당면;보길면;생일면,4689035000,20449,1690,9511,44148886.17112295,0.00046318269323350106,0.00046318269323350106
1671,전라남도;전라남도;전라남도;전라남도;전라남도;전라남도;전라남도;전라남도;전라남도;전라남도,완도군;완도군;완도군;완도군;완도군;완도군;완도군;완도군;완도군;완도군,군외면;신지면;고금면;약산면;청산면;청산면모도출장소;소안면;금당면;보길면;생일면,4689036000,20449,1690,9511,34505413.91057792,0.0005926316389942271,0.0005926316389942271
1671,전라남도;전라남도;전라남도;전라남도;전라남도;전라남도;전라남도;전라남도;전라남도;전라남도,완도군;완도군;완도군;완도군;완도군;완도군;완도군;완도군;완도군;완도군,군외면;신지면;고금면;약산면;청산면;청산면모도출장소;소안면;금당면;보길면;생일면,4689037000,20449,1690,9511,20336259.778090917,0.0010055438031938667,0.0010055438031938667
1671,전라남도;전라남도;전라남도;전라남도;전라남도;전라남도;전라남도;전라남도;전라남도;전라남도,완도군;완도군;완도군;완도군;완도군;완도군;완도군;완도군;완도군;완도군,군외면;신지면;고금면;약산면;청산면;청산면모도출장소;소안면;금당면;보길면;생일면,4689038000,20449,1690,9511,37519358.62654736,0.0005450253082293101,0.0005450253082293101
1671,전라남도;전라남도;전라남도;전라남도;전라남도;전라남도;전라남도;전라남도;전라남도;전라남도,완도군;완도군;완도군;완도군;완도군;완도군;완도군;완도군;완도군;완도군,군외면;신지면;고금면;약산면;청산면;청산면모도출장소;소안면;금당면;보길면;생일면,4689039000,20449,1690,9511,19576787.986516822,0.0010445533768912397,0.0010445533768912397
1673,전라남도;전라남도;전라남도;전라남도;전라남도;전라남도;전라남도;전라남도,진도군;진도군;진도군;진도군;진도군;진도군;진도군;진도군,군내면;고군면;의신면;임회면;지산면;조도면;조도면가사출장소;조도면거차출장소,4690032000,18077,1425,8234,49112437.88150369,0.0003680737666416679,0.0003680737666416679
1673,전라남도;전라남도;전라남도;전라남도;전라남도;전라남도;전라남도;전라남도,진도군;진도군;진도군;진도군;진도군;진도군;진도군;진도군,군내면;고군면;의신면;임회면;지산면;조도면;조도면가사출장소;조도면거차출장소,4690034000,18077,1425,8234,71561908.45007141,0.00025260645490767316,0.00025260645490767316
1673,전라남도;전라남도;전라남도;전라남도;전라남도;전라남도;전라남도;전라남도,진도군;진도군;진도군;진도군;진도군;진도군;진도군;진도군,군내면;고군면;의신면;임회면;지산면;조도면;조도면가사출장소;조도면거차출장소,4690035000,18077,1425,8234,91414004.69233802,0.00019774869354908752,0.00019774869354908752
1673,전라남도;전라남도;전라남도;전라남도;전라남도;전라남도;전라남도;전라남도,진도군;진도군;진도군;진도군;진도군;진도군;진도군;진도군,군내면;고군면;의신면;임회면;지산면;조도면;조도면가사출장소;조도면거차출장소,4690036000,18077,1425,8234,76621136.4142393,0.00023592706720335934,0.00023592706720335934
1675,전라남도;전라남도;전라남도;전라남도;전라남도;전라남도;전라남도;전라남도;전라남도;전라남도;전라남도;전라남도;전라남도;전라남도;전라남도;전라남도,신안군;신안군;신안군;신안군;신안군;신안군;신안군;신안군;신안군;신안군;신안군;신안군;신안군;신안군;신안군;신안군,증도면;증도면병풍출장소;임자면;자은면;비금면;비금면수치도출장소;도초면;도초면우이도출장소;흑산면;흑산면가거도출장소;흑산면태도출장소;흑산면홍도출장소;흑산면대둔도출장소;하의면;신의면;장산면,4691034000,21694,1967,8338,63693199.74266632,0.0003406015098573826,0.0003406015098573826
1675,전라남도;전라남도;전라남도;전라남도;전라남도;전라남도;전라남도;전라남도;전라남도;전라남도;전라남도;전라남도;전라남도;전라남도;전라남도;전라남도,신안군;신안군;신안군;신안군;신안군;신안군;신안군;신안군;신안군;신안군;신안군;신안군;신안군;신안군;신안군;신안군,증도면;증도면병풍출장소;임자면;자은면;비금면;비금면수치도출장소;도초면;도초면우이도출장소;흑산면;흑산면가거도출장소;흑산면태도출장소;흑산면홍도출장소;흑산면대둔도출장소;하의면;신의면;장산면,4691035000,21694,1967,8338,63852840.16071254,0.0003397499617150611,0.0003397499617150611
1675,전라남도;전라남도;전라남도;전라남도;전라남도;전라남도;전라남도;전라남도;전라남도;전라남도;전라남도;전라남도;전라남도;전라남도;전라남도;전라남도,신안군;신안군;신안군;신안군;신안군;신안군;신안군;신안군;신안군;신안군;신안군;신안군;신안군;신안군;신안군;신안군,증도면;증도면병풍출장소;임자면;자은면;비금면;비금면수치도출장소;도초면;도초면우이도출장소;흑산면;흑산면가거도출장소;흑산면태도출장소;흑산면홍도출장소;흑산면대둔도출장소;하의면;신의면;장산면,4691037000,21694,1967,8338,53712960.47760996,0.00040388762427353187,0.00040388762427353187
1675,전라남도;전라남도;전라남도;전라남도;전라남도;전라남도;전라남도;전라남도;전라남도;전라남도;전라남도;전라남도;전라남도;전라남도;전라남도;전라남도,신안군;신안군;신안군;신안군;신안군;신안군;신안군;신안군;신안군;신안군;신안군;신안군;신안군;신안군;신안군;신안군,증도면;증도면병풍출장소;임자면;자은면;비금면;비금면수치도출장소;도초면;도초면우이도출장소;흑산면;흑산면가거도출장소;흑산면태도출장소;흑산면홍도출장소;흑산면대둔도출장소;하의면;신의면;장산면,4691038000,21694,1967,8338,39558085.46378676,0.0005484087449039883,0.0005484087449039883
1675,전라남도;전라남도;전라남도;전라남도;전라남도;전라남도;전라남도;전라남도;전라남도;전라남도;전라남도;전라남도;전라남도;전라남도;전라남도;전라남도,신안군;신안군;신안군;신안군;신안군;신안군;신안군;신안군;신안군;신안군;신안군;신안군;신안군;신안군;신안군;신안군,증도면;증도면병풍출장소;임자면;자은면;비금면;비금면수치도출장소;도초면;도초면우이도출장소;흑산면;흑산면가거도출장소;흑산면태도출장소;흑산면홍도출장소;흑산면대둔도출장소;하의면;신의면;장산면,4691039000,21694,1967,8338,42242020.48644114,0.0005135644495736975,0.0005135644495736975
1676,전라남도;전라남도;전라남도,신안군;신안군;신안군,안좌면;팔금면;암태면,4691042000,6266,570,2755,45548282.822342016,0.0001375683036052118,0.0001375683036052118
1680,경상북도;경상북도;경상북도;경상북도,포항시 남구;포항시 남구;포항시 남구;포항시 남구,대송면;동해면;장기면;호미곶면,4711135000,17558,1353,7312,19933700.40336617,0.0008808199002045305,0.0008808199002045305
1687,경상북도;경상북도;경상북도;경상북도;경상북도;경상북도;경상북도,포항시 북구;포항시 북구;포항시 북구;포항시 북구;포항시 북구;포항시 북구;포항시 북구,신광면;청하면;송라면;기계면;죽장면;죽장면상옥출장소;기북면,4711331000,18106,740,9476,80162112.16401328,0.00022586730203608861,0.00022586730203608861
1696,경상북도;경상북도,경주시;경주시,감포읍;안강읍,4713025000,27456,2491,9964,45548819.75242031,0.0006027818096986164,0.0006027818096986164
1697,경상북도,경주시,건천읍,4713025600,12476,1207,4057,91330356.0934183,0.0001366029930644175,0.0001366029930644175
1699,경상북도;경상북도;경상북도;경상북도;경상북도,경주시;경주시;경주시;경주시;경주시,문무대왕면;양남면;내남면;산내면;서면,4713031500,20779,1268,9368,119097676.01375003,0.0001744702390129009,0.0001744702390129009
1699,경상북도;경상북도;경상북도;경상북도;경상북도,경주시;경주시;경주시;경주시;경주시,문무대왕면;양남면;내남면;산내면;서면,4713032000,20779,1268,9368,86471580.48265684,0.00024029860312507574,0.00024029860312507574
1699,경상북도;경상북도;경상북도;경상북도;경상북도,경주시;경주시;경주시;경주시;경주시,문무대왕면;양남면;내남면;산내면;서면,4713033000,20779,1268,9368,122704442.15174642,0.0001693418725159353,0.0001693418725159353
1699,경상북도;경상북도;경상북도;경상북도;경상북도,경주시;경주시;경주시;경주시;경주시,문무대왕면;양남면;내남면;산내면;서면,4713034000,20779,1268,9368,144861469.5076032,0.00014344048883826484,0.00014344048883826484
1699,경상북도;경상북도;경상북도;경상북도;경상북도,경주시;경주시;경주시;경주시;경주시,문무대왕면;양남면;내남면;산내면;서면,4713035000,20779,1268,9368,51778274.45596,0.0004013073092590904,0.0004013073092590904
1701,경상북도,경주시,천북면,4713038000,5479,470,1895,58484167.40728349,9.368347439819512e-05,9.368347439819512e-05
1710,경상북도;경상북도;경상북도;경상북도;경상북도;경상북도;경상북도;경상북도,김천시;김천시;김천시;김천시;김천시;김천시;김천시;김천시,농소면;남면;개령면;감문면;어모면;봉산면;대항면;감천면,4715035000,22923,1386,10429,59585979.5303107,0.00038470459293766135,0.00038470459293766135
1710,경상북도;경상북도;경상북도;경상북도;경상북도;경상북도;경상북도;경상북도,김천시;김천시;김천시;김천시;김천시;김천시;김천시;김천시,농소면;남면;개령면;감문면;어모면;봉산면;대항면;감천면,4715037000,22923,1386,10429,55970054.93295462,0.00040955829018676136,0.00040955829018676136
1710,경상북도;경상북도;경상북도;경상북도;경상북도;경상북도;경상북도;경상북도,김천시;김천시;김천시;김천시;김천시;김천시;김천시;김천시,농소면;남면;개령면;감문면;어모면;봉산면;대항면;감천면,4715038000,22923,1386,10429,65673895.43734949,0.00034904279466516054,0.00034904279466516054
1711,경상북도;경상북도;경상북도;경상북도;경상북도;경상북도,김천시;김천시;김천시;김천시;김천시;김천시,조마면;구성면;지례면;부항면;대덕면;증산면,4715040000,10341,672,5371,70333830.14748146,0.0001470273974603144,0.0001470273974603144
1711,경상북도;경상북도;경상북도;경상북도;경상북도;경상북도,김천시;김천시;김천시;김천시;김천시;김천시,조마면;구성면;지례면;부항면;대덕면;증산면,4715041000,10341,672,5371,94798987.63645592,0.00010908344337659638,0.00010908344337659638
1711,경상북도;경상북도;경상북도;경상북도;경상북도;경상북도,김천시;김천시;김천시;김천시;김천시;김천시,조마면;구성면;지례면;부항면;대덕면;증산면,4715042000,10341,672,5371,54443325.28222764,0.0001899406391213891,0.0001899406391213891
1711,경상북도;경상북도;경상북도;경상북도;경상북도;경상북도,김천시;김천시;김천시;김천시;김천시;김천시,조마면;구성면;지례면;부항면;대덕면;증산면,4715043000,10341,672,5371,82014351.04406558,0.00012608768914654795,0.00012608768914654795
1711,경상북도;경상북도;경상북도;경상북도;경상북도;경상북도,김천시;김천시;김천시;김천시;김천시;김천시,조마면;구성면;지례면;부항면;대덕면;증산면,4715044000,10341,672,5371,97917139.0017444,0.0001056097033208433,0.0001056097033208433
1711,경상북도;경상북도;경상북도;경상북도;경상북도;경상북도,김천시;김천시;김천시;김천시;김천시;김천시,조마면;구성면;지례면;부항면;대덕면;증산면,4715045000,10341,672,5371,74821998.63265197,0.00013820801621152145,0.00013820801621152145
1718,경상북도;경상북도;경상북도;경상북도;경상북도;경상북도;경상북도;경상북도;경상북도,안동시;안동시;안동시;안동시;안동시;안동시;안동시;안동시;안동시,와룡면;북후면;서후면;풍천면;일직면;남후면;남선면;임하면;길안면,4717031000,28482,1896,12555,115560336.36017688,0.0002464686491671995,0.0002464686491671995
1718,경상북도;경상북도;경상북도;경상북도;경상북도;경상북도;경상북도;경상북도;경상북도,안동시;안동시;안동시;안동시;안동시;안동시;안동시;안동시;안동시,와룡면;북후면;서후면;풍천면;일직면;남후면;남선면;임하면;길안면,4717032000,28482,1896,12555,77238365.73184831,0.00036875456555984315,0.00036875456555984315
1718,경상북도;경상북도;경상북도;경상북도;경상북도;경상북도;경상북도;경상북도;경상북도,안동시;안동시;안동시;안동시;안동시;안동시;안동시;안동시;안동시,와룡면;북후면;서후면;풍천면;일직면;남후면;남선면;임하면;길안면,4717033000,28482,1896,12555,64739218.79559159,0.00043994970173998266,0.00043994970173998266
1718,경상북도;경상북도;경상북도;경상북도;경상북도;경상북도;경상북도;경상북도;경상북도,안동시;안동시;안동시;안동시;안동시;안동시;안동시;안동시;안동시,와룡면;북후면;서후면;풍천면;일직면;남후면;남선면;임하면;길안면,4717037000,28482,1896,12555,59768177.2472465,0.0004765412182837173,0.0004765412182837173
1718,경상북도;경상북도;경상북도;경상북도;경상북도;경상북도;경상북도;경상북도;경상북도,안동시;안동시;안동시;안동시;안동시;안동시;안동시;안동시;안동시,와룡면;북후면;서후면;풍천면;일직면;남후면;남선면;임하면;길안면,4717038000,28482,1896,12555,91732309.23248972,0.0003104903848851573,0.0003104903848851573
1718,경상북도;경상북도;경상북도;경상북도;경상북도;경상북도;경상북도;경상북도;경상북도,안동시;안동시;안동시;안동시;안동시;안동시;안동시;안동시;안동시,와룡면;북후면;서후면;풍천면;일직면;남후면;남선면;임하면;길안면,4717039000,28482,1896,12555,203765826.63249785,0.00013977809955036647,0.00013977809955036647
1719,경상북도;경상북도;경상북도;경상북도,안동시;안동시;안동시;안동시,임동면;예안면;도산면;녹전면,4717040000,6211,219,3505,153148547.4360136,4.0555396077752506e-05,4.0555396077752506e-05
1719,경상북도;경상북도;경상북도;경상북도,안동시;안동시;안동시;안동시,임동면;예안면;도산면;녹전면,4717041000,6211,219,3505,161338788.1857577,3.849663227201728e-05,3.849663227201728e-05
1719,경상북도;경상북도;경상북도;경상북도,안동시;안동시;안동시;안동시,임동면;예안면;도산면;녹전면,4717042000,6211,219,3505,104565356.94559056,5.939825752454349e-05,5.939825752454349e-05
1719,경상북도;경상북도;경상북도;경상북도,안동시;안동시;안동시;안동시,임동면;예안면;도산면;녹전면,4717043000,6211,219,3505,71110556.75451429,8.734286839352737e-05,8.734286839352737e-05
1729,경상북도;경상북도;경상북도;경상북도;경상북도,구미시;구미시;구미시;구미시;구미시,무을면;옥성면;도개면;해평면;장천면,4719031000,11749,582,5768,44539167.287769735,0.000263790293251087,0.000263790293251087
1743,경상북도,영주시,풍기읍,4721025000,10311,1239,3928,76664180.94444317,0.0001344956650286547,0.0001344956650286547
1744,경상북도;경상북도;경상북도;경상북도;경상북도;경상북도;경상북도;경상북도;경상북도,영주시;영주시;영주시;영주시;영주시;영주시;영주시;영주시;영주시,이산면;평은면;문수면;장수면;안정면;봉현면;순흥면;단산면;부석면,4721032000,19056,956,9824,63083022.58486455,0.0003020781062664567,0.0003020781062664567
1744,경상북도;경상북도;경상북도;경상북도;경상북도;경상북도;경상북도;경상북도;경상북도,영주시;영주시;영주시;영주시;영주시;영주시;영주시;영주시;영주시,이산면;평은면;문수면;장수면;안정면;봉현면;순흥면;단산면;부석면,4721033000,19056,956,9824,42380697.95394047,0.0004496386543871964,0.0004496386543871964
1744,경상북도;경상북도;경상북도;경상북도;경상북도;경상북도;경상북도;경상북도;경상북도,영주시;영주시;영주시;영주시;영주시;영주시;영주시;영주시;영주시,이산면;평은면;문수면;장수면;안정면;봉현면;순흥면;단산면;부석면,4721035000,19056,956,9824,43433788.954658076,0.0004387367636724756,0.0004387367636724756
1744,경상북도;경상북도;경상북도;경상북도;경상북도;경상북도;경상북도;경상북도;경상북도,영주시;영주시;영주시;영주시;영주시;영주시;영주시;영주시;영주시,이산면;평은면;문수면;장수면;안정면;봉현면;순흥면;단산면;부석면,4721036000,19056,956,9824,51741184.855547234,0.000368294619715439,0.000368294619715439
1744,경상북도;경상북도;경상북도;경상북도;경상북도;경상북도;경상북도;경상북도;경상북도,영주시;영주시;영주시;영주시;영주시;영주시;영주시;영주시;영주시,이산면;평은면;문수면;장수면;안정면;봉현면;순흥면;단산면;부석면,4721037000,19056,956,9824,53981282.881759666,0.00035301124728251025,0.00035301124728251025
1744,경상북도;경상북도;경상북도;경상북도;경상북도;경상북도;경상북도;경상북도;경상북도,영주시;영주시;영주시;영주시;영주시;영주시;영주시;영주시;영주시,이산면;평은면;문수면;장수면;안정면;봉현면;순흥면;단산면;부석면,4721038000,19056,956,9824,92033828.57123724,0.00020705430053091862,0.00020705430053091862
1744,경상북도;경상북도;경상북도;경상북도;경상북도;경상북도;경상북도;경상북도;경상북도,영주시;영주시;영주시;영주시;영주시;영주시;영주시;영주시;영주시,이산면;평은면;문수면;장수면;안정면;봉현면;순흥면;단산면;부석면,4721039000,19056,956,9824,92058534.82384306,0.0002069987322355745,0.0002069987322355745
1751,경상북도,영천시,대창면,4723040000,2954,151,1421,51387428.91510489,5.748487640586543e-05,5.748487640586543e-05
1755,경상북도;경상북도;경상북도;경상북도;경상북도;경상북도;경상북도;경상북도;경상북도;경상북도;경상북도,상주시;상주시;상주시;상주시;상주시;상주시;상주시;상주시;상주시;상주시;상주시,중동면;사벌국면;낙동면;낙동면동부출장소;청리면;공성면;외남면;내서면;모동면;모서면;모서면서부출장소,4725032500,22901,1571,11590,57206624.98493741,0.0004003207671494319,0.0004003207671494319
1755,경상북도;경상북도;경상북도;경상북도;경상북도;경상북도;경상북도;경상북도;경상북도;경상북도;경상북도,상주시;상주시;상주시;상주시;상주시;상주시;상주시;상주시;상주시;상주시;상주시,중동면;사벌국면;낙동면;낙동면동부출장소;청리면;공성면;외남면;내서면;모동면;모서면;모서면서부출장소,4725034000,22901,1571,11590,39359228.85807757,0.0005818457491272749,0.0005818457491272749
1755,경상북도;경상북도;경상북도;경상북도;경상북도;경상북도;경상북도;경상북도;경상북도;경상북도;경상북도,상주시;상주시;상주시;상주시;상주시;상주시;상주시;상주시;상주시;상주시;상주시,중동면;사벌국면;낙동면;낙동면동부출장소;청리면;공성면;외남면;내서면;모동면;모서면;모서면서부출장소,4725035000,22901,1571,11590,89333148.4397687,0.0002563550081909471,0.0002563550081909471
1755,경상북도;경상북도;경상북도;경상북도;경상북도;경상북도;경상북도;경상북도;경상북도;경상북도;경상북도,상주시;상주시;상주시;상주시;상주시;상주시;상주시;상주시;상주시;상주시;상주시,중동면;사벌국면;낙동면;낙동면동부출장소;청리면;공성면;외남면;내서면;모동면;모서면;모서면서부출장소,4725036000,22901,1571,11590,33190808.87740212,0.0006899801714562036,0.0006899801714562036
1755,경상북도;경상북도;경상북도;경상북도;경상북도;경상북도;경상북도;경상북도;경상북도;경상북도;경상북도,상주시;상주시;상주시;상주시;상주시;상주시;상주시;상주시;상주시;상주시;상주시,중동면;사벌국면;낙동면;낙동면동부출장소;청리면;공성면;외남면;내서면;모동면;모서면;모서면서부출장소,4725037000,22901,1571,11590,79786387.91968657,0.0002870289105336148,0.0002870289105336148
1755,경상북도;경상북도;경상북도;경상북도;경상북도;경상북도;경상북도;경상북도;경상북도;경상북도;경상북도,상주시;상주시;상주시;상주시;상주시;상주시;상주시;상주시;상주시;상주시;상주시,중동면;사벌국면;낙동면;낙동면동부출장소;청리면;공성면;외남면;내서면;모동면;모서면;모서면서부출장소,4725038000,22901,1571,11590,70597988.68984935,0.0003243860119104601,0.0003243860119104601
1755,경상북도;경상북도;경상북도;경상북도;경상북도;경상북도;경상북도;경상북도;경상북도;경상북도;경상북도,상주시;상주시;상주시;상주시;상주시;상주시;상주시;상주시;상주시;상주시;상주시,중동면;사벌국면;낙동면;낙동면동부출장소;청리면;공성면;외남면;내서면;모동면;모서면;모서면서부출장소,4725039000,22901,1571,11590,84760749.02995431,0.00027018402104854954,0.00027018402104854954
1756,경상북도;경상북도;경상북도;경상북도;경상북도;경상북도;경상북도;경상북도;경상북도;경상북도,상주시;상주시;상주시;상주시;상주시;상주시;상주시;상주시;상주시;상주시,화동면;화서면;화북면;화북면서부출장소;외서면;은척면;은척면북부출장소;공검면;이안면;화남면,4725040000,14618,1051,7330,56488420.67890171,0.0002587786987902069,0.0002587786987902069
1756,경상북도;경상북도;경상북도;경상북도;경상북도;경상북도;경상북도;경상북도;경상북도;경상북도,상주시;상주시;상주시;상주시;상주시;상주시;상주시;상주시;상주시;상주시,화동면;화서면;화북면;화북면서부출장소;외서면;은척면;은척면북부출장소;공검면;이안면;화남면,4725041000,14618,1051,7330,59487289.73906345,0.0002457331652546412,0.0002457331652546412
1756,경상북도;경상북도;경상북도;경상북도;경상북도;경상북도;경상북도;경상북도;경상북도;경상북도,상주시;상주시;상주시;상주시;상주시;상주시;상주시;상주시;상주시;상주시,화동면;화서면;화북면;화북면서부출장소;외서면;은척면;은척면북부출장소;공검면;이안면;화남면,4725044000,14618,1051,7330,53574463.2056808,0.0002728538771145349,0.0002728538771145349
1756,경상북도;경상북도;경상북도;경상북도;경상북도;경상북도;경상북도;경상북도;경상북도;경상북도,상주시;상주시;상주시;상주시;상주시;상주시;상주시;상주시;상주시;상주시,화동면;화서면;화북면;화북면서부출장소;외서면;은척면;은척면북부출장소;공검면;이안면;화남면,4725045000,14618,1051,7330,39204237.80161433,0.00037286785357163783,0.00037286785357163783
1756,경상북도;경상북도;경상북도;경상북도;경상북도;경상북도;경상북도;경상북도;경상북도;경상북도,상주시;상주시;상주시;상주시;상주시;상주시;상주시;상주시;상주시;상주시,화동면;화서면;화북면;화북면서부출장소;외서면;은척면;은척면북부출장소;공검면;이안면;화남면,4725047000,14618,1051,7330,54125445.97036538,0.0002700762966092438,0.0002700762966092438
1759,경상북도;경상북도;경상북도;경상북도,문경시;문경시;문경시;문경시,문경읍;문경읍갈평출장소;가은읍;가은읍북부출장소,4728025000,10499,849,4835,156128011.44717038,6.724610082895078e-05,6.724610082895078e-05
1760,경상북도;경상북도;경상북도;경상북도;경상북도;경상북도;경상북도,문경시;문경시;문경시;문경시;문경시;문경시;문경시,영순면;산양면;호계면;산북면;동로면;마성면;농암면,4728032000,17633,1145,8843,34029067.53589964,0.0005181746452910506,0.0005181746452910506
1760,경상북도;경상북도;경상북도;경상북도;경상북도;경상북도;경상북도,문경시;문경시;문경시;문경시;문경시;문경시;문경시,영순면;산양면;호계면;산북면;동로면;마성면;농암면,4728033000,17633,1145,8843,53540777.34271778,0.0003293377660008575,0.0003293377660008575
1760,경상북도;경상북도;경상북도;경상북도;경상북도;경상북도;경상북도,문경시;문경시;문경시;문경시;문경시;문경시;문경시,영순면;산양면;호계면;산북면;동로면;마성면;농암면,4728034000,17633,1145,8843,111853708.3448433,0.00015764340995863747,0.00015764340995863747
1760,경상북도;경상북도;경상북도;경상북도;경상북도;경상북도;경상북도,문경시;문경시;문경시;문경시;문경시;문경시;문경시,영순면;산양면;호계면;산북면;동로면;마성면;농암면,4728035000,17633,1145,8843,141628481.7621811,0.0001245017935700877,0.0001245017935700877
1760,경상북도;경상북도;경상북도;경상북도;경상북도;경상북도;경상북도,문경시;문경시;문경시;문경시;문경시;문경시;문경시,영순면;산양면;호계면;산북면;동로면;마성면;농암면,4728036000,17633,1145,8843,75721750.65933077,0.00023286572017240046,0.00023286572017240046
1766,경상북도;경상북도;경상북도;경상북도;경상북도,경산시;경산시;경산시;경산시;경산시,와촌면;자인면;용성면;남산면;남천면,4729034000,19703,1024,8982,80157357.1502448,0.00024580401226389267,0.00024580401226389267
1766,경상북도;경상북도;경상북도;경상북도;경상북도,경산시;경산시;경산시;경산시;경산시,와촌면;자인면;용성면;남산면;남천면,4729035000,19703,1024,8982,38075020.99985132,0.0005174783751288525,0.0005174783751288525
627,대구광역시;대구광역시;대구광역시;대구광역시;대구광역시;대구광역시;대구광역시,군위군;군위군;군위군;군위군;군위군;군위군;군위군,소보면;효령면;부계면;우보면;의흥면;산성면;삼국유사면,2772033000,14644,477,7979,65220303.40702551,0.0002245313075072655,0.0002245313075072655
627,대구광역시;대구광역시;대구광역시;대구광역시;대구광역시;대구광역시;대구광역시,군위군;군위군;군위군;군위군;군위군;군위군;군위군,소보면;효령면;부계면;우보면;의흥면;산성면;삼국유사면,2772034000,14644,477,7979,60553233.290839195,0.00024183679721385612,0.00024183679721385612
1774,경상북도;경상북도;경상북도;경상북도;경상북도;경상북도;경상북도;경상북도;경상북도,의성군;의성군;의성군;의성군;의성군;의성군;의성군;의성군;의성군,단촌면;점곡면;옥산면;사곡면;춘산면;가음면;금성면;봉양면;비안면,4773032000,19829,1049,10504,65806328.577192925,0.0003013236025884646,0.0003013236025884646
1774,경상북도;경상북도;경상북도;경상북도;경상북도;경상북도;경상북도;경상북도;경상북도,의성군;의성군;의성군;의성군;의성군;의성군;의성군;의성군;의성군,단촌면;점곡면;옥산면;사곡면;춘산면;가음면;금성면;봉양면;비안면,4773033000,19829,1049,10504,103592929.96455887,0.00019141267658694355,0.00019141267658694355
1777,경상북도;경상북도;경상북도;경상북도;경상북도;경상북도;경상북도,청송군;청송군;청송군;청송군;청송군;청송군;청송군,주왕산면;부남면;현동면;현서면;안덕면;파천면;진보면,4775037000,18760,1264,8735,110131147.50623694,0.0001703423638524931,0.0001703423638524931
1779,경상북도;경상북도;경상북도;경상북도;경상북도,영양군;영양군;영양군;영양군;영양군,입암면;청기면;일월면;수비면;석보면,4776031000,8584,475,4340,79418370.304659,0.00010808582406149461,0.00010808582406149461
1779,경상북도;경상북도;경상북도;경상북도;경상북도,영양군;영양군;영양군;영양군;영양군,입암면;청기면;일월면;수비면;석보면,4776034000,8584,475,4340,219760401.75780123,3.906072218351902e-05,3.906072218351902e-05
1779,경상북도;경상북도;경상북도;경상북도;경상북도,영양군;영양군;영양군;영양군;영양군,입암면;청기면;일월면;수비면;석보면,4776035000,8584,475,4340,122680921.94182432,6.997012953709754e-05,6.997012953709754e-05
1783,경상북도;경상북도;경상북도;경상북도;경상북도;경상북도;경상북도,청도군;청도군;청도군;청도군;청도군;청도군;청도군,각남면;풍각면;각북면;이서면;운문면;금천면;매전면,4782032000,21349,1122,10886,61733993.91583117,0.00034582243340852806,0.00034582243340852806
1783,경상북도;경상북도;경상북도;경상북도;경상북도;경상북도;경상북도,청도군;청도군;청도군;청도군;청도군;청도군;청도군,각남면;풍각면;각북면;이서면;운문면;금천면;매전면,4782033000,21349,1122,10886,50769035.2315515,0.00042051222566333524,0.00042051222566333524
1783,경상북도;경상북도;경상북도;경상북도;경상북도;경상북도;경상북도,청도군;청도군;청도군;청도군;청도군;청도군;청도군,각남면;풍각면;각북면;이서면;운문면;금천면;매전면,4782035000,21349,1122,10886,147404040.8362802,0.00014483320727762182,0.00014483320727762182
1783,경상북도;경상북도;경상북도;경상북도;경상북도;경상북도;경상북도,청도군;청도군;청도군;청도군;청도군;청도군;청도군,각남면;풍각면;각북면;이서면;운문면;금천면;매전면,4782036000,21349,1122,10886,70707461.2136442,0.00030193418959695794,0.00030193418959695794
1783,경상북도;경상북도;경상북도;경상북도;경상북도;경상북도;경상북도,청도군;청도군;청도군;청도군;청도군;청도군;청도군,각남면;풍각면;각북면;이서면;운문면;금천면;매전면,4782037000,21349,1122,10886,129496071.98221825,0.00016486214348595483,0.00016486214348595483
1785,경상북도;경상북도;경상북도;경상북도;경상북도;경상북도;경상북도,고령군;고령군;고령군;고령군;고령군;고령군;고령군,덕곡면;운수면;성산면;다산면;개진면;우곡면;쌍림면,4783031000,20563,1516,8566,38864722.521399684,0.0005290916457380496,0.0005290916457380496
1785,경상북도;경상북도;경상북도;경상북도;경상북도;경상북도;경상북도,고령군;고령군;고령군;고령군;고령군;고령군;고령군,덕곡면;운수면;성산면;다산면;개진면;우곡면;쌍림면,4783036000,20563,1516,8566,46420715.19606869,0.00044297034014119315,0.00044297034014119315
1788,경상북도;경상북도;경상북도;경상북도;경상북도;경상북도;경상북도;경상북도;경상북도,성주군;성주군;성주군;성주군;성주군;성주군;성주군;성주군;성주군,선남면;용암면;수륜면;가천면;금수강산면;대가면;벽진면;초전면;월항면,4784032000,28044,1475,12788,84860722.62957563,0.00033047090728197635,0.00033047090728197635
1788,경상북도;경상북도;경상북도;경상북도;경상북도;경상북도;경상북도;경상북도;경상북도,성주군;성주군;성주군;성주군;성주군;성주군;성주군;성주군;성주군,선남면;용암면;수륜면;가천면;금수강산면;대가면;벽진면;초전면;월항면,4784033000,28044,1475,12788,88945199.2187128,0.00031529526322203054,0.00031529526322203054
1788,경상북도;경상북도;경상북도;경상북도;경상북도;경상북도;경상북도;경상북도;경상북도,성주군;성주군;성주군;성주군;성주군;성주군;성주군;성주군;성주군,선남면;용암면;수륜면;가천면;금수강산면;대가면;벽진면;초전면;월항면,4784034000,28044,1475,12788,64097393.733299,0.0004375216895196624,0.0004375216895196624
1788,경상북도;경상북도;경상북도;경상북도;경상북도;경상북도;경상북도;경상북도;경상북도,성주군;성주군;성주군;성주군;성주군;성주군;성주군;성주군;성주군,선남면;용암면;수륜면;가천면;금수강산면;대가면;벽진면;초전면;월항면,4784035500,28044,1475,12788,74662292.83649538,0.00037561128830337665,0.00037561128830337665
1788,경상북도;경상북도;경상북도;경상북도;경상북도;경상북도;경상북도;경상북도;경상북도,성주군;성주군;성주군;성주군;성주군;성주군;성주군;성주군;성주군,선남면;용암면;수륜면;가천면;금수강산면;대가면;벽진면;초전면;월항면,4784037000,28044,1475,12788,62322314.718829066,0.00044998328650856795,0.00044998328650856795
1788,경상북도;경상북도;경상북도;경상북도;경상북도;경상북도;경상북도;경상북도;경상북도,성주군;성주군;성주군;성주군;성주군;성주군;성주군;성주군;성주군,선남면;용암면;수륜면;가천면;금수강산면;대가면;벽진면;초전면;월항면,4784038000,28044,1475,12788,65167039.612941556,0.0004303402481770973,0.0004303402481770973
1791,경상북도;경상북도;경상북도;경상북도;경상북도,칠곡군;칠곡군;칠곡군;칠곡군;칠곡군,지천면;동명면;가산면;약목면;기산면,4785032000,23413,1337,9448,64404442.94516207,0.00036353082069097745,0.00036353082069097745
1791,경상북도;경상북도;경상북도;경상북도;경상북도,칠곡군;칠곡군;칠곡군;칠곡군;칠곡군,지천면;동명면;가산면;약목면;기산면,4785033000,23413,1337,9448,87368158.32080382,0.000267980926346538,0.000267980926346538
1792,경상북도,예천군,예천읍,4790025000,13623,1589,4944,47222007.3181748,0.0002884883717079257,0.0002884883717079257
1794,경상북도;경상북도;경상북도;경상북도;경상북도;경상북도,예천군;예천군;예천군;예천군;예천군;예천군,용문면;감천면;보문면;유천면;용궁면;개포면,4790031000,12117,642,6758,71181616.74384242,0.00017022653536523085,0.00017022653536523085
1795,경상북도;경상북도;경상북도;경상북도,예천군;예천군;예천군;예천군,지보면;풍양면;효자면;은풍면,4790042000,7711,332,4376,67647445.90777567,0.00011398804339948726,0.00011398804339948726
1795,경상북도;경상북도;경상북도;경상북도,예천군;예천군;예천군;예천군,지보면;풍양면;효자면;은풍면,4790043000,7711,332,4376,34716013.11074074,0.00022211651941145003,0.00022211651941145003
1794,경상북도;경상북도;경상북도;경상북도;경상북도;경상북도,예천군;예천군;예천군;예천군;예천군;예천군,용문면;감천면;보문면;유천면;용궁면;개포면,4790034000,12117,642,6758,65173455.9151925,0.00018591924933008535,0.00018591924933008535
1794,경상북도;경상북도;경상북도;경상북도;경상북도;경상북도,예천군;예천군;예천군;예천군;예천군;예천군,용문면;감천면;보문면;유천면;용궁면;개포면,4790035000,12117,642,6758,65754496.22881757,0.00018427637188237787,0.00018427637188237787
1794,경상북도;경상북도;경상북도;경상북도;경상북도;경상북도,예천군;예천군;예천군;예천군;예천군;예천군,용문면;감천면;보문면;유천면;용궁면;개포면,4790037000,12117,642,6758,38733157.348659895,0.0003128327466549594,0.0003128327466549594
1794,경상북도;경상북도;경상북도;경상북도;경상북도;경상북도,예천군;예천군;예천군;예천군;예천군;예천군,용문면;감천면;보문면;유천면;용궁면;개포면,4790038000,12117,642,6758,31812254.274420302,0.0003808909577886492,0.0003808909577886492
1794,경상북도;경상북도;경상북도;경상북도;경상북도;경상북도,예천군;예천군;예천군;예천군;예천군;예천군,용문면;감천면;보문면;유천면;용궁면;개포면,4790039000,12117,642,6758,35440942.58904363,0.0003418927126319124,0.0003418927126319124
1797,경상북도;경상북도;경상북도;경상북도;경상북도;경상북도;경상북도;경상북도;경상북도,봉화군;봉화군;봉화군;봉화군;봉화군;봉화군;봉화군;봉화군;봉화군,물야면;봉성면;법전면;춘양면;소천면;재산면;명호면;상운면;석포면,4792032000,19572,1226,9566,66527112.63489493,0.00029419584324082116,0.00029419584324082116
1797,경상북도;경상북도;경상북도;경상북도;경상북도;경상북도;경상북도;경상북도;경상북도,봉화군;봉화군;봉화군;봉화군;봉화군;봉화군;봉화군;봉화군;봉화군,물야면;봉성면;법전면;춘양면;소천면;재산면;명호면;상운면;석포면,4792033000,19572,1226,9566,69837073.94254327,0.00028025229144196934,0.00028025229144196934
1797,경상북도;경상북도;경상북도;경상북도;경상북도;경상북도;경상북도;경상북도;경상북도,봉화군;봉화군;봉화군;봉화군;봉화군;봉화군;봉화군;봉화군;봉화군,물야면;봉성면;법전면;춘양면;소천면;재산면;명호면;상운면;석포면,4792034000,19572,1226,9566,168801015.07738668,0.00011594717005124189,0.00011594717005124189
1797,경상북도;경상북도;경상북도;경상북도;경상북도;경상북도;경상북도;경상북도;경상북도,봉화군;봉화군;봉화군;봉화군;봉화군;봉화군;봉화군;봉화군;봉화군,물야면;봉성면;법전면;춘양면;소천면;재산면;명호면;상운면;석포면,4792035000,19572,1226,9566,261011219.6762028,7.498528233491275e-05,7.498528233491275e-05
1797,경상북도;경상북도;경상북도;경상북도;경상북도;경상북도;경상북도;경상북도;경상북도,봉화군;봉화군;봉화군;봉화군;봉화군;봉화군;봉화군;봉화군;봉화군,물야면;봉성면;법전면;춘양면;소천면;재산면;명호면;상운면;석포면,4792036000,19572,1226,9566,123957637.63379359,0.00015789265085723318,0.00015789265085723318
1797,경상북도;경상북도;경상북도;경상북도;경상북도;경상북도;경상북도;경상북도;경상북도,봉화군;봉화군;봉화군;봉화군;봉화군;봉화군;봉화군;봉화군;봉화군,물야면;봉성면;법전면;춘양면;소천면;재산면;명호면;상운면;석포면,4792037000,19572,1226,9566,114670042.43191464,0.00017068102169423089,0.00017068102169423089
1798,경상북도;경상북도,울진군;울진군,울진읍;평해읍,4793025300,16154,2454,4226,38732750.835411705,0.00041706307069806894,0.00041706307069806894
1799,경상북도;경상북도;경상북도;경상북도;경상북도;경상북도;경상북도;경상북도,울진군;울진군;울진군;울진군;울진군;울진군;울진군;울진군,북면;북면하당출장소;근남면;기성면;온정면;죽변면;후포면;금강송면,4793035000,27996,2789,9873,99781343.30948263,0.0002805734927136366,0.0002805734927136366
1799,경상북도;경상북도;경상북도;경상북도;경상북도;경상북도;경상북도;경상북도,울진군;울진군;울진군;울진군;울진군;울진군;울진군;울진군,북면;북면하당출장소;근남면;기성면;온정면;죽변면;후포면;금강송면,4793036000,27996,2789,9873,132059411.33141166,0.00021199549292054786,0.00021199549292054786
1799,경상북도;경상북도;경상북도;경상북도;경상북도;경상북도;경상북도;경상북도,울진군;울진군;울진군;울진군;울진군;울진군;울진군;울진군,북면;북면하당출장소;근남면;기성면;온정면;죽변면;후포면;금강송면,4793037000,27996,2789,9873,18103511.580051158,0.0015464403066888799,0.0015464403066888799
1799,경상북도;경상북도;경상북도;경상북도;경상북도;경상북도;경상북도;경상북도,울진군;울진군;울진군;울진군;울진군;울진군;울진군;울진군,북면;북면하당출장소;근남면;기성면;온정면;죽변면;후포면;금강송면,4793038000,27996,2789,9873,22779854.446842827,0.00122898063573361,0.00122898063573361
1799,경상북도;경상북도;경상북도;경상북도;경상북도;경상북도;경상북도;경상북도,울진군;울진군;울진군;울진군;울진군;울진군;울진군;울진군,북면;북면하당출장소;근남면;기성면;온정면;죽변면;후포면;금강송면,4793039000,27996,2789,9873,297168217.8286402,9.420926707627825e-05,9.420926707627825e-05
1800,경상북도,울진군,매화면,4793040000,1895,98,1003,101408484.98715082,1.868679923815162e-05,1.868679923815162e-05
1840,경상남도;경상남도;경상남도;경상남도;경상남도;경상남도;경상남도;경상남도,진주시;진주시;진주시;진주시;진주시;진주시;진주시;진주시,내동면;정촌면;금곡면;진성면;일반성면;이반성면;사봉면;지수면,4817033000,22805,2700,7624,39691804.20876545,0.0005745518616400863,0.0005745518616400863
1840,경상남도;경상남도;경상남도;경상남도;경상남도;경상남도;경상남도;경상남도,진주시;진주시;진주시;진주시;진주시;진주시;진주시;진주시,내동면;정촌면;금곡면;진성면;일반성면;이반성면;사봉면;지수면,4817035000,22805,2700,7624,36564553.11866695,0.0006236914731594951,0.0006236914731594951
1840,경상남도;경상남도;경상남도;경상남도;경상남도;경상남도;경상남도;경상남도,진주시;진주시;진주시;진주시;진주시;진주시;진주시;진주시,내동면;정촌면;금곡면;진성면;일반성면;이반성면;사봉면;지수면,4817036000,22805,2700,7624,19572261.30706898,0.0011651694018495165,0.0011651694018495165
1840,경상남도;경상남도;경상남도;경상남도;경상남도;경상남도;경상남도;경상남도,진주시;진주시;진주시;진주시;진주시;진주시;진주시;진주시,내동면;정촌면;금곡면;진성면;일반성면;이반성면;사봉면;지수면,4817037000,22805,2700,7624,42446568.17710437,0.0005372636936123612,0.0005372636936123612
1840,경상남도;경상남도;경상남도;경상남도;경상남도;경상남도;경상남도;경상남도,진주시;진주시;진주시;진주시;진주시;진주시;진주시;진주시,내동면;정촌면;금곡면;진성면;일반성면;이반성면;사봉면;지수면,4817038000,22805,2700,7624,32161106.03605661,0.0007090863098561582,0.0007090863098561582
1840,경상남도;경상남도;경상남도;경상남도;경상남도;경상남도;경상남도;경상남도,진주시;진주시;진주시;진주시;진주시;진주시;진주시;진주시,내동면;정촌면;금곡면;진성면;일반성면;이반성면;사봉면;지수면,4817039000,22805,2700,7624,31206866.89859698,0.000730768650185299,0.000730768650185299
1841,경상남도;경상남도;경상남도;경상남도,진주시;진주시;진주시;진주시,대곡면;금산면;집현면;미천면,4817040000,28361,4506,7415,55658076.59700488,0.0005095576731001549,0.0005095576731001549
1841,경상남도;경상남도;경상남도;경상남도,진주시;진주시;진주시;진주시,대곡면;금산면;집현면;미천면,4817043000,28361,4506,7415,54599780.530796394,0.0005194343223413379,0.0005194343223413379
1842,경상남도;경상남도;경상남도,진주시;진주시;진주시,명석면;대평면;수곡면,4817045000,6783,388,3090,42205772.360858805,0.00016071261395255224,0.00016071261395255224
1842,경상남도;경상남도;경상남도,진주시;진주시;진주시,명석면;대평면;수곡면,4817046000,6783,388,3090,41900730.296684206,0.00016188261999187088,0.00016188261999187088
1857,경상남도;경상남도;경상남도;경상남도;경상남도,통영시;통영시;통영시;통영시;통영시,용남면;도산면;욕지면;한산면;사량면,4822033000,19349,2416,6347,39817074.31514719,0.00048594730609424167,0.00048594730609424167
1859,경상남도;경상남도;경상남도,통영시;통영시;통영시,북신동;미수동;봉평동,4822066500,28813,3942,8360,2766016.398700871,0.010416785675432997,0.010416785675432997
1863,경상남도;경상남도;경상남도;경상남도,사천시;사천시;사천시;사천시,사남면;용현면;축동면;곤양면,4824035000,29492,5348,6686,62911568.99546382,0.0004687850020419375,0.0004687850020419375
1864,경상남도;경상남도,사천시;사천시,곤명면;서포면,4824036000,5936,276,2912,70481161.9024778,8.422108602882322e-05,8.422108602882322e-05
1882,경상남도;경상남도;경상남도;경상남도;경상남도;경상남도;경상남도,밀양시;밀양시;밀양시;밀양시;밀양시;밀양시;밀양시,부북면;상동면;산외면;산내면;단장면;상남면;초동면,4827034000,29765,1732,13906,107031807.99202192,0.0002780949005572125,0.0002780949005572125
1888,경상남도;경상남도;경상남도;경상남도;경상남도;경상남도;경상남도,거제시;거제시;거제시;거제시;거제시;거제시;거제시,사등면;사등면가조출장소;연초면;하청면;하청면칠천출장소;장목면;장목면외포출장소,4831038000,28266,3453,8344,32563580.12250219,0.0008680249497648921,0.0008680249497648921
1889,경상남도;경상남도,거제시;거제시,장승포동;능포동,4831053000,13548,1619,3221,3731965.0198681126,0.0036302591068977344,0.0036302591068977344
1892,경상남도,거제시,옥포2동,4831056000,23951,4115,3908,8780014.492325202,0.0027278998253289994,0.0027278998253289994
1899,경상남도;경상남도;경상남도,양산시;양산시;양산시,원동면;상북면;하북면,4833033000,24192,1855,8487,68942323.60770373,0.0003509020110441526,0.0003509020110441526
1899,경상남도;경상남도;경상남도,양산시;양산시;양산시,원동면;상북면;하북면,4833034000,24192,1855,8487,69576362.3313261,0.0003477042948120296,0.0003477042948120296
1905,경상남도,양산시,평산동,4833056000,28182,4250,7115,11591959.982015606,0.0024311678131845762,0.0024311678131845762
1818,경상남도;경상남도;경상남도;경상남도,창원시 마산합포구;창원시 마산합포구;창원시 마산합포구;창원시 마산합포구,구산면;진동면;진북면;진전면,4812534000,22112,2237,8426,78824406.14278874,0.00028052225296749565,0.00028052225296749565
1908,경상남도;경상남도;경상남도;경상남도;경상남도;경상남도;경상남도;경상남도;경상남도,의령군;의령군;의령군;의령군;의령군;의령군;의령군;의령군;의령군,가례면;칠곡면;대의면;화정면;용덕면;정곡면;지정면;낙서면;부림면,4872032000,12892,621,6535,22261452.450294744,0.0005791176487152036,0.0005791176487152036
1908,경상남도;경상남도;경상남도;경상남도;경상남도;경상남도;경상남도;경상남도;경상남도,의령군;의령군;의령군;의령군;의령군;의령군;의령군;의령군;의령군,가례면;칠곡면;대의면;화정면;용덕면;정곡면;지정면;낙서면;부림면,4872033000,12892,621,6535,35943754.85527776,0.0003586714869358457,0.0003586714869358457
1908,경상남도;경상남도;경상남도;경상남도;경상남도;경상남도;경상남도;경상남도;경상남도,의령군;의령군;의령군;의령군;의령군;의령군;의령군;의령군;의령군,가례면;칠곡면;대의면;화정면;용덕면;정곡면;지정면;낙서면;부림면,4872036000,12892,621,6535,40156431.49206464,0.00032104446338932294,0.00032104446338932294
1908,경상남도;경상남도;경상남도;경상남도;경상남도;경상남도;경상남도;경상남도;경상남도,의령군;의령군;의령군;의령군;의령군;의령군;의령군;의령군;의령군,가례면;칠곡면;대의면;화정면;용덕면;정곡면;지정면;낙서면;부림면,4872037000,12892,621,6535,46972080.14453987,0.00027446091295785615,0.00027446091295785615
1908,경상남도;경상남도;경상남도;경상남도;경상남도;경상남도;경상남도;경상남도;경상남도,의령군;의령군;의령군;의령군;의령군;의령군;의령군;의령군;의령군,가례면;칠곡면;대의면;화정면;용덕면;정곡면;지정면;낙서면;부림면,4872038000,12892,621,6535,24190293.88723232,0.0005329410242016291,0.0005329410242016291
1908,경상남도;경상남도;경상남도;경상남도;경상남도;경상남도;경상남도;경상남도;경상남도,의령군;의령군;의령군;의령군;의령군;의령군;의령군;의령군;의령군,가례면;칠곡면;대의면;화정면;용덕면;정곡면;지정면;낙서면;부림면,4872039000,12892,621,6535,47392826.09992366,0.00027202429272350917,0.00027202429272350917
1909,경상남도;경상남도;경상남도,의령군;의령군;의령군,봉수면;궁류면;유곡면,4872040000,3090,101,1809,32740050.636358082,9.437981737781831e-05,9.437981737781831e-05
1909,경상남도;경상남도;경상남도,의령군;의령군;의령군,봉수면;궁류면;유곡면,4872041500,3090,101,1809,43545276.5547535,7.096062407858766e-05,7.096062407858766e-05
1909,경상남도;경상남도;경상남도,의령군;의령군;의령군,봉수면;궁류면;유곡면,4872042000,3090,101,1809,46571797.9447579,6.634916701445084e-05,6.634916701445084e-05
1912,경상남도;경상남도;경상남도;경상남도;경상남도;경상남도;경상남도;경상남도,함안군;함안군;함안군;함안군;함안군;함안군;함안군;함안군,함안면;군북면;법수면;대산면;칠서면;칠북면;산인면;여항면,4873032000,23767,1543,10765,79353243.41047265,0.00029950886666421184,0.00029950886666421184
1912,경상남도;경상남도;경상남도;경상남도;경상남도;경상남도;경상남도;경상남도,함안군;함안군;함안군;함안군;함안군;함안군;함안군;함안군,함안면;군북면;법수면;대산면;칠서면;칠북면;산인면;여항면,4873033000,23767,1543,10765,34873678.39896816,0.0006815168657603729,0.0006815168657603729
1914,경상남도;경상남도;경상남도;경상남도;경상남도;경상남도;경상남도;경상남도;경상남도,창녕군;창녕군;창녕군;창녕군;창녕군;창녕군;창녕군;창녕군;창녕군,고암면;성산면;대합면;이방면;유어면;대지면;계성면;영산면;장마면,4874032000,21641,1449,10103,46470052.472676165,0.00046569777412505935,0.00046569777412505935
1914,경상남도;경상남도;경상남도;경상남도;경상남도;경상남도;경상남도;경상남도;경상남도,창녕군;창녕군;창녕군;창녕군;창녕군;창녕군;창녕군;창녕군;창녕군,고암면;성산면;대합면;이방면;유어면;대지면;계성면;영산면;장마면,4874034000,21641,1449,10103,46034490.66993111,0.00047010403905990223,0.00047010403905990223
1914,경상남도;경상남도;경상남도;경상남도;경상남도;경상남도;경상남도;경상남도;경상남도,창녕군;창녕군;창녕군;창녕군;창녕군;창녕군;창녕군;창녕군;창녕군,고암면;성산면;대합면;이방면;유어면;대지면;계성면;영산면;장마면,4874035000,21641,1449,10103,32832472.20081393,0.0006591340386321415,0.0006591340386321415
1917,경상남도;경상남도;경상남도;경상남도;경상남도;경상남도;경상남도;경상남도;경상남도,고성군;고성군;고성군;고성군;고성군;고성군;고성군;고성군;고성군,삼산면;하일면;하이면;상리면;대가면;영현면;영오면;개천면;구만면,4882036000,13126,727,6701,31902209.090065576,0.0004114448614810022,0.0004114448614810022
1917,경상남도;경상남도;경상남도;경상남도;경상남도;경상남도;경상남도;경상남도;경상남도,고성군;고성군;고성군;고성군;고성군;고성군;고성군;고성군;고성군,삼산면;하일면;하이면;상리면;대가면;영현면;영오면;개천면;구만면,4882037000,13126,727,6701,22594872.78912595,0.000580928254055807,0.000580928254055807
1917,경상남도;경상남도;경상남도;경상남도;경상남도;경상남도;경상남도;경상남도;경상남도,고성군;고성군;고성군;고성군;고성군;고성군;고성군;고성군;고성군,삼산면;하일면;하이면;상리면;대가면;영현면;영오면;개천면;구만면,4882038000,13126,727,6701,40468595.43434308,0.0003243502735669648,0.0003243502735669648
1917,경상남도;경상남도;경상남도;경상남도;경상남도;경상남도;경상남도;경상남도;경상남도,고성군;고성군;고성군;고성군;고성군;고성군;고성군;고성군;고성군,삼산면;하일면;하이면;상리면;대가면;영현면;영오면;개천면;구만면,4882039000,13126,727,6701,21409512.339627463,0.0006130919654673648,0.0006130919654673648
1918,경상남도;경상남도;경상남도;경상남도,고성군;고성군;고성군;고성군,회화면;마암면;동해면;거류면,4882040000,11928,848,5283,29968961.949768778,0.00039801178365779294,0.00039801178365779294
1918,경상남도;경상남도;경상남도;경상남도,고성군;고성군;고성군;고성군,회화면;마암면;동해면;거류면,4882041000,11928,848,5283,33752841.42980941,0.00035339246992893404,0.00035339246992893404
1918,경상남도;경상남도;경상남도;경상남도,고성군;고성군;고성군;고성군,회화면;마암면;동해면;거류면,4882042000,11928,848,5283,57066768.11789709,0.0002090183200029367,0.0002090183200029367
1920,경상남도;경상남도;경상남도;경상남도;경상남도;경상남도;경상남도;경상남도;경상남도,남해군;남해군;남해군;남해군;남해군;남해군;남해군;남해군;남해군,이동면;상주면;삼동면;미조면;남면;서면;고현면;설천면;창선면,4884032000,27395,1792,13810,25076642.206109963,0.0010924508861607143,0.0010924508861607143
1920,경상남도;경상남도;경상남도;경상남도;경상남도;경상남도;경상남도;경상남도;경상남도,남해군;남해군;남해군;남해군;남해군;남해군;남해군;남해군;남해군,이동면;상주면;삼동면;미조면;남면;서면;고현면;설천면;창선면,4884033000,27395,1792,13810,53915007.23381278,0.0005081145566984036,0.0005081145566984036
1920,경상남도;경상남도;경상남도;경상남도;경상남도;경상남도;경상남도;경상남도;경상남도,남해군;남해군;남해군;남해군;남해군;남해군;남해군;남해군;남해군,이동면;상주면;삼동면;미조면;남면;서면;고현면;설천면;창선면,4884034000,27395,1792,13810,18072208.652882233,0.0015158634191416846,0.0015158634191416846
1920,경상남도;경상남도;경상남도;경상남도;경상남도;경상남도;경상남도;경상남도;경상남도,남해군;남해군;남해군;남해군;남해군;남해군;남해군;남해군;남해군,이동면;상주면;삼동면;미조면;남면;서면;고현면;설천면;창선면,4884038000,27395,1792,13810,26448765.99141331,0.0010357761117813166,0.0010357761117813166
1922,경상남도;경상남도;경상남도;경상남도;경상남도;경상남도;경상남도;경상남도;경상남도,하동군;하동군;하동군;하동군;하동군;하동군;하동군;하동군;하동군,화개면;악양면;적량면;횡천면;고전면;금남면;진교면;양보면;북천면,4885031000,23378,1640,10659,133873459.5242678,0.00017462759297530645,0.00017462759297530645
1922,경상남도;경상남도;경상남도;경상남도;경상남도;경상남도;경상남도;경상남도;경상남도,하동군;하동군;하동군;하동군;하동군;하동군;하동군;하동군;하동군,화개면;악양면;적량면;횡천면;고전면;금남면;진교면;양보면;북천면,4885032000,23378,1640,10659,52552302.96355566,0.00044485205560282186,0.00044485205560282186
1922,경상남도;경상남도;경상남도;경상남도;경상남도;경상남도;경상남도;경상남도;경상남도,하동군;하동군;하동군;하동군;하동군;하동군;하동군;하동군;하동군,화개면;악양면;적량면;횡천면;고전면;금남면;진교면;양보면;북천면,4885034000,23378,1640,10659,34348524.254012875,0.000680611482086273,0.000680611482086273
1922,경상남도;경상남도;경상남도;경상남도;경상남도;경상남도;경상남도;경상남도;경상남도,하동군;하동군;하동군;하동군;하동군;하동군;하동군;하동군;하동군,화개면;악양면;적량면;횡천면;고전면;금남면;진교면;양보면;북천면,4885037000,23378,1640,10659,50670079.19442286,0.0004613768198446621,0.0004613768198446621
1922,경상남도;경상남도;경상남도;경상남도;경상남도;경상남도;경상남도;경상남도;경상남도,하동군;하동군;하동군;하동군;하동군;하동군;하동군;하동군;하동군,화개면;악양면;적량면;횡천면;고전면;금남면;진교면;양보면;북천면,4885038000,23378,1640,10659,34418022.40928777,0.0006792371659823023,0.0006792371659823023
1922,경상남도;경상남도;경상남도;경상남도;경상남도;경상남도;경상남도;경상남도;경상남도,하동군;하동군;하동군;하동군;하동군;하동군;하동군;하동군;하동군,화개면;악양면;적량면;횡천면;고전면;금남면;진교면;양보면;북천면,4885039000,23378,1640,10659,32911974.985137913,0.000710318964770629,0.000710318964770629
1923,경상남도;경상남도;경상남도,하동군;하동군;하동군,청암면;옥종면;금성면,4885040000,7989,621,3409,75754983.14125507,0.00010545840905414058,0.00010545840905414058
1923,경상남도;경상남도;경상남도,하동군;하동군;하동군,청암면;옥종면;금성면,4885041000,7989,621,3409,87664451.0477014,9.113158075504169e-05,9.113158075504169e-05
1925,경상남도;경상남도;경상남도;경상남도;경상남도;경상남도;경상남도;경상남도;경상남도,산청군;산청군;산청군;산청군;산청군;산청군;산청군;산청군;산청군,차황면;오부면;생초면;금서면;삼장면;시천면;단성면;신안면;생비량면,4886035000,24716,1758,11065,102788762.16733482,0.00024045430141247953,0.00024045430141247953
1925,경상남도;경상남도;경상남도;경상남도;경상남도;경상남도;경상남도;경상남도;경상남도,산청군;산청군;산청군;산청군;산청군;산청군;산청군;산청군;산청군,차황면;오부면;생초면;금서면;삼장면;시천면;단성면;신안면;생비량면,4886036000,24716,1758,11065,127184539.85782829,0.000194331795575378,0.000194331795575378
1925,경상남도;경상남도;경상남도;경상남도;경상남도;경상남도;경상남도;경상남도;경상남도,산청군;산청군;산청군;산청군;산청군;산청군;산청군;산청군;산청군,차황면;오부면;생초면;금서면;삼장면;시천면;단성면;신안면;생비량면,4886037000,24716,1758,11065,109167189.21541454,0.00022640502313592655,0.00022640502313592655
1925,경상남도;경상남도;경상남도;경상남도;경상남도;경상남도;경상남도;경상남도;경상남도,산청군;산청군;산청군;산청군;산청군;산청군;산청군;산청군;산청군,차황면;오부면;생초면;금서면;삼장면;시천면;단성면;신안면;생비량면,4886038000,24716,1758,11065,71928549.43552068,0.00034361877438048857,0.00034361877438048857
1925,경상남도;경상남도;경상남도;경상남도;경상남도;경상남도;경상남도;경상남도;경상남도,산청군;산청군;산청군;산청군;산청군;산청군;산청군;산청군;산청군,차황면;오부면;생초면;금서면;삼장면;시천면;단성면;신안면;생비량면,4886039000,24716,1758,11065,44086077.31385418,0.0005606305098102462,0.0005606305098102462
1926,경상남도,산청군,신등면,4886040000,1922,81,1028,58077801.85766823,3.30935389860357e-05,3.30935389860357e-05
1928,경상남도;경상남도;경상남도;경상남도;경상남도;경상남도;경상남도;경상남도;경상남도,함양군;함양군;함양군;함양군;함양군;함양군;함양군;함양군;함양군,마천면;휴천면;유림면;수동면;지곡면;안의면;서하면;서상면;백전면,4887031000,17567,1010,8963,107836184.12351386,0.00016290450318493313,0.00016290450318493313
1928,경상남도;경상남도;경상남도;경상남도;경상남도;경상남도;경상남도;경상남도;경상남도,함양군;함양군;함양군;함양군;함양군;함양군;함양군;함양군;함양군,마천면;휴천면;유림면;수동면;지곡면;안의면;서하면;서상면;백전면,4887032000,17567,1010,8963,62053510.8643632,0.0002830943770191829,0.0002830943770191829
1928,경상남도;경상남도;경상남도;경상남도;경상남도;경상남도;경상남도;경상남도;경상남도,함양군;함양군;함양군;함양군;함양군;함양군;함양군;함양군;함양군,마천면;휴천면;유림면;수동면;지곡면;안의면;서하면;서상면;백전면,4887039000,17567,1010,8963,55960122.28640587,0.00031391997161999536,0.00031391997161999536
1934,경상남도;경상남도;경상남도;경상남도;경상남도;경상남도;경상남도;경상남도;경상남도,합천군;합천군;합천군;합천군;합천군;합천군;합천군;합천군;합천군,봉산면;묘산면;가야면;야로면;율곡면;초계면;쌍책면;덕곡면;청덕면,4889034000,16387,772,8613,47856485.69129956,0.00034241962741905226,0.00034241962741905226
1934,경상남도;경상남도;경상남도;경상남도;경상남도;경상남도;경상남도;경상남도;경상남도,합천군;합천군;합천군;합천군;합천군;합천군;합천군;합천군;합천군,봉산면;묘산면;가야면;야로면;율곡면;초계면;쌍책면;덕곡면;청덕면,4889036000,16387,772,8613,22949435.878553975,0.0007140480527154697,0.0007140480527154697
1934,경상남도;경상남도;경상남도;경상남도;경상남도;경상남도;경상남도;경상남도;경상남도,합천군;합천군;합천군;합천군;합천군;합천군;합천군;합천군;합천군,봉산면;묘산면;가야면;야로면;율곡면;초계면;쌍책면;덕곡면;청덕면,4889037000,16387,772,8613,38980269.21421562,0.00042039217097104766,0.00042039217097104766
1934,경상남도;경상남도;경상남도;경상남도;경상남도;경상남도;경상남도;경상남도;경상남도,합천군;합천군;합천군;합천군;합천군;합천군;합천군;합천군;합천군,봉산면;묘산면;가야면;야로면;율곡면;초계면;쌍책면;덕곡면;청덕면,4889038000,16387,772,8613,26525043.659266744,0.0006177935165914446,0.0006177935165914446
1934,경상남도;경상남도;경상남도;경상남도;경상남도;경상남도;경상남도;경상남도;경상남도,합천군;합천군;합천군;합천군;합천군;합천군;합천군;합천군;합천군,봉산면;묘산면;가야면;야로면;율곡면;초계면;쌍책면;덕곡면;청덕면,4889039000,16387,772,8613,57439361.56621239,0.00028529216817826437,0.00028529216817826437
1935,경상남도;경상남도;경상남도;경상남도;경상남도;경상남도;경상남도,합천군;합천군;합천군;합천군;합천군;합천군;합천군,적중면;대양면;쌍백면;삼가면;가회면;대병면;용주면,4889040000,12989,702,6820,24347878.383087307,0.0005334756398743354,0.0005334756398743354
1935,경상남도;경상남도;경상남도;경상남도;경상남도;경상남도;경상남도,합천군;합천군;합천군;합천군;합천군;합천군;합천군,적중면;대양면;쌍백면;삼가면;가회면;대병면;용주면,4889042000,12989,702,6820,63505752.07332223,0.0002045326537508478,0.0002045326537508478
1935,경상남도;경상남도;경상남도;경상남도;경상남도;경상남도;경상남도,합천군;합천군;합천군;합천군;합천군;합천군;합천군,적중면;대양면;쌍백면;삼가면;가회면;대병면;용주면,4889043000,12989,702,6820,60094227.54528385,0.00021614388819978048,0.00021614388819978048
1940,제주특별자치도;제주특별자치도;제주특별자치도,제주시;제주시;제주시,한경면;추자면;우도면,5011032000,12644,1408,3988,8850485.616188938,0.0014286221737790437,0.0014286221737790437
1940,제주특별자치도;제주특별자치도;제주특별자치도,제주시;제주시;제주시,한경면;추자면;우도면,5011033000,12644,1408,3988,7768215.795611128,0.0016276581820942183,0.0016276581820942183
1290,경기도,용인시 기흥구,동백1동,4146357200,31227,7140,4017,4141552.0487973234,0.007539926972321425,0.007539926972321425
1264,경기도,하남시,감일동,4145058200,39536,9937,3981,6159079.062691393,0.0064191414978725025,0.0064191414978725025
928,세종특별자치시,세종특별자치시,소담동,3611055500,21533,5762,1685,1242621.785214633,0.01732868380082415,0.01732868380082415
1393,경기도,양주시,옥정1동,4163057000,39925,8232,4657,13400136.306666853,0.0029794473045872275,0.0029794473045872275
2063,전북특별자치도;전북특별자치도;전북특별자치도;전북특별자치도;전북특별자치도;전북특별자치도;전북특별자치도;전북특별자치도;전북특별자치도,군산시;군산시;군산시;군산시;군산시;군산시;군산시;군산시;군산시,옥산면;회현면;임피면;서수면;대야면;개정면;성산면;나포면;옥도면,5213034000,26639,2295,10946,24136515.030292448,0.0011036804595264402,0.0011036804595264402
2075,전북특별자치도;전북특별자치도;전북특별자치도;전북특별자치도;전북특별자치도;전북특별자치도;전북특별자치도;전북특별자치도;전북특별자치도,익산시;익산시;익산시;익산시;익산시;익산시;익산시;익산시;익산시,오산면;황등면;함라면;웅포면;성당면;용안면;낭산면;망성면;여산면,5214033000,29095,2255,12697,22601343.61859164,0.0012873128470144025,0.0012873128470144025
2075,전북특별자치도;전북특별자치도;전북특별자치도;전북특별자치도;전북특별자치도;전북특별자치도;전북특별자치도;전북특별자치도;전북특별자치도,익산시;익산시;익산시;익산시;익산시;익산시;익산시;익산시;익산시,오산면;황등면;함라면;웅포면;성당면;용안면;낭산면;망성면;여산면,5214034000,29095,2255,12697,33615467.41200529,0.0008655241839537573,0.0008655241839537573
2076,전북특별자치도;전북특별자치도;전북특별자치도;전북특별자치도;전북특별자치도,익산시;익산시;익산시;익산시;익산시,금마면;왕궁면;춘포면;삼기면;용동면,5214041000,18227,1524,7152,46337269.71408692,0.0003933550706044046,0.0003933550706044046
2088,전북특별자치도;전북특별자치도;전북특별자치도;전북특별자치도;전북특별자치도;전북특별자치도;전북특별자치도;전북특별자치도;전북특별자치도,정읍시;정읍시;정읍시;정읍시;정읍시;정읍시;정읍시;정읍시;정읍시,북면;입암면;소성면;고부면;영원면;덕천면;이평면;정우면;태인면,5218032000,21529,1264,10245,35978933.01566751,0.0005983779449664309,0.0005983779449664309
2094,전북특별자치도;전북특별자치도;전북특별자치도;전북특별자치도;전북특별자치도;전북특별자치도;전북특별자치도;전북특별자치도;전북특별자치도,남원시;남원시;남원시;남원시;남원시;남원시;남원시;남원시;남원시,주천면;수지면;송동면;주생면;금지면;대강면;대산면;사매면;덕과면,5219037000,14287,946,7097,36025083.603374675,0.0003965847840159254,0.0003965847840159254
2095,전북특별자치도;전북특별자치도;전북특별자치도;전북특별자치도;전북특별자치도;전북특별자치도,남원시;남원시;남원시;남원시;남원시;남원시,보절면;산동면;이백면;아영면;산내면;인월면,5219041000,11483,959,5119,53640357.674942605,0.00021407388946931153,0.00021407388946931153
2095,전북특별자치도;전북특별자치도;전북특별자치도;전북특별자치도;전북특별자치도;전북특별자치도,남원시;남원시;남원시;남원시;남원시;남원시,보절면;산동면;이백면;아영면;산내면;인월면,5219047000,11483,959,5119,36458195.38150957,0.00031496347747984833,0.00031496347747984833
2095,전북특별자치도;전북특별자치도;전북특별자치도;전북특별자치도;전북특별자치도;전북특별자치도,남원시;남원시;남원시;남원시;남원시;남원시,보절면;산동면;이백면;아영면;산내면;인월면,5219045000,11483,959,5119,35057483.64443692,0.0003275477531834255,0.0003275477531834255
2095,전북특별자치도;전북특별자치도;전북특별자치도;전북특별자치도;전북특별자치도;전북특별자치도,남원시;남원시;남원시;남원시;남원시;남원시,보절면;산동면;이백면;아영면;산내면;인월면,5219046000,11483,959,5119,102957120.43466096,0.00011153186833044136,0.00011153186833044136
2099,전북특별자치도;전북특별자치도;전북특별자치도;전북특별자치도;전북특별자치도;전북특별자치도;전북특별자치도,김제시;김제시;김제시;김제시;김제시;김제시;김제시,죽산면;백산면;용지면;백구면;부량면;공덕면;청하면,5221034000,18192,1330,8103,34884624.1028707,0.00052149049811613,0.00052149049811613
2100,전북특별자치도;전북특별자치도;전북특별자치도;전북특별자치도;전북특별자치도;전북특별자치도;전북특별자치도,김제시;김제시;김제시;김제시;김제시;김제시;김제시,성덕면;진봉면;금구면;봉남면;황산면;금산면;광활면,5221043000,18706,1251,8504,23880501.18656755,0.0007833168933038083,0.0007833168933038083
2100,전북특별자치도;전북특별자치도;전북특별자치도;전북특별자치도;전북특별자치도;전북특별자치도;전북특별자치도,김제시;김제시;김제시;김제시;김제시;김제시;김제시,성덕면;진봉면;금구면;봉남면;황산면;금산면;광활면,5221044000,18706,1251,8504,17772810.342900097,0.0010525065895092215,0.0010525065895092215
2106,전북특별자치도;전북특별자치도;전북특별자치도,완주군;완주군;완주군,상관면;이서면;소양면,5271034000,24851,3532,6319,95198397.81442823,0.0002610443092586753,0.0002610443092586753
2107,전북특별자치도;전북특별자치도;전북특별자치도;전북특별자치도;전북특별자치도,완주군;완주군;완주군;완주군;완주군,구이면;고산면;비봉면;운주면;화산면,5271038000,15988,1340,6575,93804869.01800062,0.00017043891396439128,0.00017043891396439128
2108,전북특별자치도;전북특별자치도,완주군;완주군,동상면;경천면,5271040000,1988,101,931,105718787.19905597,1.8804604675012316e-05,1.8804604675012316e-05
2108,전북특별자치도;전북특별자치도,완주군;완주군,동상면;경천면,5271041000,1988,101,931,37609692.853103064,5.2858714049188946e-05,5.2858714049188946e-05
2110,전북특별자치도;전북특별자치도;전북특별자치도;전북특별자치도;전북특별자치도;전북특별자치도;전북특별자치도;전북특별자치도;전북특별자치도,진안군;진안군;진안군;진안군;진안군;진안군;진안군;진안군;진안군,용담면;안천면;동향면;상전면;백운면;성수면;마령면;부귀면;정천면,5272031000,13193,1027,5896,54100504.93556668,0.00024386094022066468,0.00024386094022066468
2110,전북특별자치도;전북특별자치도;전북특별자치도;전북특별자치도;전북특별자치도;전북특별자치도;전북특별자치도;전북특별자치도;전북특별자치도,진안군;진안군;진안군;진안군;진안군;진안군;진안군;진안군;진안군,용담면;안천면;동향면;상전면;백운면;성수면;마령면;부귀면;정천면,5272032000,13193,1027,5896,37092096.248572096,0.00035568224323552164,0.00035568224323552164
2110,전북특별자치도;전북특별자치도;전북특별자치도;전북특별자치도;전북특별자치도;전북특별자치도;전북특별자치도;전북특별자치도;전북특별자치도,진안군;진안군;진안군;진안군;진안군;진안군;진안군;진안군;진안군,용담면;안천면;동향면;상전면;백운면;성수면;마령면;부귀면;정천면,5272038000,13193,1027,5896,104802194.37341003,0.00012588476871956865,0.00012588476871956865
2110,전북특별자치도;전북특별자치도;전북특별자치도;전북특별자치도;전북특별자치도;전북특별자치도;전북특별자치도;전북특별자치도;전북특별자치도,진안군;진안군;진안군;진안군;진안군;진안군;진안군;진안군;진안군,용담면;안천면;동향면;상전면;백운면;성수면;마령면;부귀면;정천면,5272039000,13193,1027,5896,76867045.6475388,0.00017163401934938846,0.00017163401934938846
2111,전북특별자치도,진안군,주천면,5272040000,1408,62,733,95144626.07625784,1.4798523658829628e-05,1.4798523658829628e-05
2113,전북특별자치도;전북특별자치도;전북특별자치도;전북특별자치도;전북특별자치도,무주군;무주군;무주군;무주군;무주군,무풍면;설천면;적상면;안성면;부남면,5273031000,13700,962,6266,90280252.52750695,0.00015174968629851616,0.00015174968629851616
2113,전북특별자치도;전북특별자치도;전북특별자치도;전북특별자치도;전북특별자치도,무주군;무주군;무주군;무주군;무주군,무풍면;설천면;적상면;안성면;부남면,5273032000,13700,962,6266,160096352.77458197,8.557346724375291e-05,8.557346724375291e-05
2113,전북특별자치도;전북특별자치도;전북특별자치도;전북특별자치도;전북특별자치도,무주군;무주군;무주군;무주군;무주군,무풍면;설천면;적상면;안성면;부남면,5273035000,13700,962,6266,69742637.95123813,0.00019643650430284287,0.00019643650430284287
2115,전북특별자치도;전북특별자치도;전북특별자치도;전북특별자치도;전북특별자치도;전북특별자치도,장수군;장수군;장수군;장수군;장수군;장수군,산서면;번암면;장계면;천천면;계남면;계북면,5274032000,13641,1144,6105,127489017.42748073,0.00010699745182175693,0.00010699745182175693
2115,전북특별자치도;전북특별자치도;전북특별자치도;전북특별자치도;전북특별자치도;전북특별자치도,장수군;장수군;장수군;장수군;장수군;장수군,산서면;번암면;장계면;천천면;계남면;계북면,5274036000,13641,1144,6105,55149529.89929839,0.0002473457167252035,0.0002473457167252035
2120,전북특별자치도;전북특별자치도;전북특별자치도;전북특별자치도;전북특별자치도;전북특별자치도;전북특별자치도;전북특별자치도;전북특별자치도,순창군;순창군;순창군;순창군;순창군;순창군;순창군;순창군;순창군,인계면;동계면;풍산면;금과면;팔덕면;쌍치면;복흥면;적성면;유등면,5277037000,14213,1017,6701,74010644.74376455,0.0001920399430272151,0.0001920399430272151
2123,전북특별자치도;전북특별자치도;전북특별자치도;전북특별자치도;전북특별자치도;전북특별자치도;전북특별자치도;전북특별자치도;전북특별자치도,고창군;고창군;고창군;고창군;고창군;고창군;고창군;고창군;고창군,고수면;아산면;무장면;공음면;상하면;해리면;성송면;대산면;심원면,5279031000,21112,1296,10488,45631160.589131676,0.0004626662948614199,0.0004626662948614199
2123,전북특별자치도;전북특별자치도;전북특별자치도;전북특별자치도;전북특별자치도;전북특별자치도;전북특별자치도;전북특별자치도;전북특별자치도,고창군;고창군;고창군;고창군;고창군;고창군;고창군;고창군;고창군,고수면;아산면;무장면;공음면;상하면;해리면;성송면;대산면;심원면,5279037000,21112,1296,10488,36215048.60033226,0.0005829620783611569,0.0005829620783611569
